frame_number,person_id,point_id,x,y
1,1,0,578.846,425.56842
1,1,1,567.7579,411.18073
1,1,2,581.9203,413.185
1,1,3,490.01492,403.55923
1,1,4,547.3937,417.3437
1,1,5,408.38458,459.38153
1,1,6,510.8749,502.0586
1,1,7,452.09137,562.5685
1,1,8,557.0504,626.6269
1,1,9,576.561,565.4945
1,1,10,623.251,590.43524
1,1,11,395.99396,649.30035
1,1,12,464.63623,683.0801
1,1,13,657.70544,570.3473
1,1,14,699.4975,604.55945
1,1,15,675.0104,687.3925
1,1,16,688.4023,709.7285
1,2,0,997.6595,193.12242
1,2,1,1007.7304,186.49614
1,2,2,991.6273,184.97585
1,2,3,1028.1786,191.72307
1,2,4,986.77625,189.54745
1,2,5,1039.5288,234.993
1,2,6,963.3132,225.49289
1,2,7,1036.4248,276.16074
1,2,8,910.3605,262.8476
1,2,9,1009.4115,228.67879
1,2,10,941.1236,233.043
1,2,11,990.23376,345.07898
1,2,12,939.1188,338.89526
1,2,13,975.2974,403.1934
1,2,14,919.25085,395.01508
1,2,15,960.2337,468.98206
1,2,16,896.7788,465.78043
1,3,0,704.4271,168.64735
1,3,1,704.47656,164.1643
1,3,2,703.90564,164.25171
1,3,3,702.92694,162.70296
1,3,4,702.8755,162.70044
1,3,5,706.81464,181.75163
1,3,6,695.623,180.52832
1,3,7,705.06885,216.40451
1,3,8,686.9919,212.78738
1,3,9,703.14746,239.25685
1,3,10,688.6375,232.3627
1,3,11,704.72534,248.86414
1,3,12,698.4102,248.50864
1,3,13,704.0375,300.8088
1,3,14,700.40686,300.52243
1,3,15,704.8255,347.6789
1,3,16,702.987,346.71777
2,1,0,998.7502,194.82976
2,1,1,1008.1284,188.08612
2,1,2,992.8719,186.48892
2,1,3,1027.5162,192.06471
2,1,4,987.45557,189.57945
2,1,5,1037.1183,234.25554
2,1,6,963.5257,223.2754
2,1,7,1032.7443,279.90176
2,1,8,911.2704,264.22772
2,1,9,1008.7036,229.02847
2,1,10,944.60956,231.61342
2,1,11,988.1176,347.09723
2,1,12,938.10657,340.3821
2,1,13,972.43475,409.03848
2,1,14,916.07587,400.22168
2,1,15,959.2827,473.18304
2,1,16,891.8412,470.40543
2,2,0,580.3246,427.7938
2,2,1,569.34924,413.33038
2,2,2,583.7117,414.8424
2,2,3,491.604,405.18127
2,2,4,549.189,417.9258
2,2,5,408.21243,462.7298
2,2,6,512.2732,503.3635
2,2,7,451.19046,567.30774
2,2,8,561.59515,627.4412
2,2,9,576.7535,568.50494
2,2,10,626.27435,593.33594
2,2,11,397.17654,654.6807
2,2,12,466.76407,687.3241
2,2,13,652.8041,571.21533
2,2,14,693.98334,603.2379
2,2,15,678.3555,692.376
2,2,16,692.8512,712.3055
2,3,0,703.0561,167.87549
2,3,1,702.73737,163.13788
2,3,2,702.87396,163.44072
2,3,3,700.7206,162.14952
2,3,4,702.7259,162.52518
2,3,5,706.1991,182.85553
2,3,6,696.8814,182.40082
2,3,7,708.2772,219.47655
2,3,8,688.7209,217.1915
2,3,9,709.82477,244.92233
2,3,10,692.9763,238.96863
2,3,11,707.07184,253.91586
2,3,12,701.9271,253.92877
2,3,13,710.53033,305.96512
2,3,14,703.83655,305.9133
2,3,15,711.4353,350.10345
2,3,16,705.51025,349.82614
3,1,0,581.95404,425.7928
3,1,1,571.46893,411.85263
3,1,2,584.4188,413.25687
3,1,3,495.1449,405.1829
3,1,4,548.8965,417.95557
3,1,5,411.14786,463.18268
3,1,6,512.06635,503.6219
3,1,7,453.8814,566.7489
3,1,8,561.54944,626.9218
3,1,9,578.56824,568.88196
3,1,10,627.32733,593.03143
3,1,11,396.47568,652.7833
3,1,12,464.133,685.29126
3,1,13,652.4361,569.7004
3,1,14,693.64795,601.8142
3,1,15,678.9629,691.46423
3,1,16,693.3276,711.93787
3,2,0,999.1337,196.99666
3,2,1,1008.65796,189.56305
3,2,2,993.0809,188.43034
3,2,3,1029.7919,191.56491
3,2,4,989.01874,190.19916
3,2,5,1041.3931,233.13403
3,2,6,965.95715,222.35747
3,2,7,1037.6052,279.90875
3,2,8,911.60315,263.6315
3,2,9,1012.8299,228.51186
3,2,10,946.0415,231.81786
3,2,11,988.33405,351.0555
3,2,12,937.3954,344.0633
3,2,13,969.87195,417.9421
3,2,14,915.286,409.2784
3,2,15,955.98444,478.50613
3,2,16,890.8233,477.64594
3,3,0,701.8076,167.54868
3,3,1,701.3395,162.8397
3,3,2,702.2573,163.08965
3,3,3,698.41815,162.47975
3,3,4,705.12146,162.76297
3,3,5,702.83386,183.82494
3,3,6,701.846,183.22673
3,3,7,702.50745,220.10869
3,3,8,694.6766,217.68733
3,3,9,703.7089,246.00589
3,3,10,695.9257,240.2607
3,3,11,706.69,253.67145
3,3,12,706.80457,253.6175
3,3,13,712.11005,304.66266
3,3,14,707.90094,304.50427
3,3,15,716.79205,349.41052
3,3,16,711.4939,348.7984
4,1,0,1000.03485,196.51593
4,1,1,1009.7806,189.16025
4,1,2,993.5179,187.96698
4,1,3,1030.2347,192.05821
4,1,4,988.2214,190.5899
4,1,5,1040.7347,234.93411
4,1,6,965.4113,224.21294
4,1,7,1037.435,280.32907
4,1,8,911.7309,263.65692
4,1,9,1012.39874,229.93724
4,1,10,946.72577,231.13373
4,1,11,988.3308,349.96753
4,1,12,937.2913,343.1029
4,1,13,972.1422,412.68967
4,1,14,914.98004,404.03958
4,1,15,958.77185,475.23486
4,1,16,889.5585,473.93048
4,2,0,582.06964,425.76096
4,2,1,571.68146,411.83646
4,2,2,584.44824,413.3821
4,2,3,495.46198,405.4195
4,2,4,548.9428,418.6441
4,2,5,411.93347,463.71713
4,2,6,511.82712,503.9016
4,2,7,455.0941,567.1024
4,2,8,561.56964,626.2432
4,2,9,578.0877,569.6794
4,2,10,627.9723,593.9239
4,2,11,395.2944,652.9948
4,2,12,462.15662,685.2826
4,2,13,651.73883,570.01276
4,2,14,692.034,601.88477
4,2,15,681.4301,690.9669
4,2,16,694.8988,711.9793
4,3,0,697.6738,167.67848
4,3,1,698.1072,163.06126
4,3,2,697.74493,163.30058
4,3,3,699.52155,162.38394
4,3,4,699.4965,162.56244
4,3,5,709.09796,183.75685
4,3,6,694.3923,182.8035
4,3,7,714.9873,220.35167
4,3,8,686.5608,216.83897
4,3,9,714.56177,249.65395
4,3,10,688.7139,241.6479
4,3,11,711.1533,253.73334
4,3,12,702.404,253.41068
4,3,13,716.11255,304.0119
4,3,14,702.997,303.63187
4,3,15,721.48413,348.79816
4,3,16,707.7971,347.57053
5,1,0,998.22925,197.24715
5,1,1,1007.70074,189.96642
5,1,2,992.2087,188.87387
5,1,3,1028.7798,192.35266
5,1,4,987.7797,191.01195
5,1,5,1039.2649,234.41368
5,1,6,965.1135,224.2283
5,1,7,1034.6189,279.32175
5,1,8,911.8521,263.9624
5,1,9,1011.17053,228.80241
5,1,10,945.80475,231.87558
5,1,11,988.79456,349.65186
5,1,12,938.12805,343.1594
5,1,13,973.8064,411.30157
5,1,14,916.0476,403.17334
5,1,15,962.5585,472.69928
5,1,16,892.0334,471.88458
5,2,0,582.1846,425.48743
5,2,1,571.99426,411.62665
5,2,2,584.57996,413.23035
5,2,3,496.75098,405.52545
5,2,4,549.86523,418.8585
5,2,5,413.60156,463.74118
5,2,6,512.66003,504.22482
5,2,7,456.51404,567.16254
5,2,8,561.2866,627.21204
5,2,9,577.6365,569.59656
5,2,10,627.8195,593.972
5,2,11,395.89597,652.7032
5,2,12,462.23447,685.0315
5,2,13,652.6547,570.35944
5,2,14,692.7667,602.29645
5,2,15,681.7339,690.9075
5,2,16,694.7342,711.7363
5,3,0,692.9212,166.74872
5,3,1,693.8253,162.23471
5,3,2,693.07367,162.5098
5,3,3,698.1343,161.30055
5,3,4,695.40344,161.5424
5,3,5,709.961,182.02081
5,3,6,691.4593,181.06476
5,3,7,717.00433,217.70186
5,3,8,684.7995,214.47096
5,3,9,714.0788,243.62462
5,3,10,686.4256,236.95233
5,3,11,712.11774,251.5597
5,3,12,700.7919,251.10806
5,3,13,715.92267,301.76544
5,3,14,702.18854,301.3229
5,3,15,721.0899,346.9983
5,3,16,707.75354,345.45337
6,1,0,1000.61444,196.8758
6,1,1,1010.2885,189.53911
6,1,2,994.1436,188.45581
6,1,3,1031.0514,192.24226
6,1,4,988.8812,191.02293
6,1,5,1041.9603,234.74571
6,1,6,966.5011,224.17043
6,1,7,1038.6228,280.43005
6,1,8,912.1191,263.52878
6,1,9,1012.1043,229.78024
6,1,10,947.8377,230.54729
6,1,11,989.9998,349.01038
6,1,12,938.8187,342.10342
6,1,13,972.12805,411.18604
6,1,14,915.2457,402.4128
6,1,15,959.55707,473.9117
6,1,16,890.10333,472.50146
6,2,0,581.7259,425.71646
6,2,1,571.1448,411.65067
6,2,2,584.4425,413.23755
6,2,3,494.1592,404.93155
6,2,4,549.82544,418.4254
6,2,5,408.87537,463.59192
6,2,6,513.46216,503.83023
6,2,7,450.64066,568.76404
6,2,8,559.37024,627.3871
6,2,9,577.0006,569.70825
6,2,10,626.998,593.888
6,2,11,394.64484,653.4005
6,2,12,464.78143,685.90765
6,2,13,650.33856,570.2361
6,2,14,693.3157,601.96515
6,2,15,681.20374,689.05975
6,2,16,694.2254,710.10443
6,3,0,686.2627,163.03983
6,3,1,687.82336,158.5371
6,3,2,685.76825,158.89705
6,3,3,695.37805,157.4313
6,3,4,686.3903,157.69766
6,3,5,709.6381,177.85017
6,3,6,683.878,176.8956
6,3,7,720.5591,213.85489
6,3,8,680.876,210.80016
6,3,9,717.2296,242.34772
6,3,10,684.1212,235.33417
6,3,11,712.883,246.25285
6,3,12,696.5125,245.83817
6,3,13,715.5464,296.2418
6,3,14,699.586,295.9365
6,3,15,721.1226,344.0536
6,3,16,706.58875,342.3442
7,1,0,1000.2551,196.51387
7,1,1,1009.5639,189.53674
7,1,2,994.088,188.11784
7,1,3,1029.1113,192.4823
7,1,4,988.5823,190.47778
7,1,5,1037.9772,234.93922
7,1,6,965.5818,223.98872
7,1,7,1032.6256,280.30872
7,1,8,912.3504,263.78775
7,1,9,1010.66815,230.05785
7,1,10,945.7668,231.53226
7,1,11,988.68713,346.1208
7,1,12,939.26196,339.55774
7,1,13,974.5858,407.21405
7,1,14,916.89233,398.9087
7,1,15,962.8778,471.61032
7,1,16,891.6276,470.1967
7,2,0,581.41486,426.20917
7,2,1,571.0157,412.15588
7,2,2,584.0626,413.67776
7,2,3,494.68976,405.34015
7,2,4,549.37744,418.40088
7,2,5,410.16245,463.0708
7,2,6,513.59753,503.10733
7,2,7,450.86526,568.0367
7,2,8,559.6155,626.9689
7,2,9,576.5738,569.142
7,2,10,627.19055,593.0706
7,2,11,397.36234,653.04236
7,2,12,466.68185,685.523
7,2,13,653.5529,571.3303
7,2,14,696.1649,603.135
7,2,15,679.9001,691.5944
7,2,16,693.1187,712.41034
7,3,0,684.6084,161.81375
7,3,1,686.6644,157.29291
7,3,2,683.9568,157.65903
7,3,3,695.65405,156.41302
7,3,4,684.0805,156.68495
7,3,5,710.70233,177.44281
7,3,6,681.2088,176.62971
7,3,7,722.0062,213.80078
7,3,8,678.99725,211.0113
7,3,9,717.3118,241.83667
7,3,10,683.842,235.23938
7,3,11,713.6243,247.13214
7,3,12,694.46313,246.75954
7,3,13,717.6475,298.57617
7,3,14,697.3376,298.34286
7,3,15,724.98596,345.73547
7,3,16,705.11914,344.0303
8,1,0,581.3957,426.71106
8,1,1,570.88586,412.45007
8,1,2,584.1016,414.128
8,1,3,493.3889,405.1072
8,1,4,549.0899,418.8188
8,1,5,406.95944,463.10065
8,1,6,513.64606,504.15588
8,1,7,446.78397,567.8235
8,1,8,560.0103,627.3831
8,1,9,575.60547,569.32635
8,1,10,627.4614,593.24506
8,1,11,393.87164,653.04517
8,1,12,465.28732,686.1219
8,1,13,652.4834,570.78815
8,1,14,696.3111,603.43713
8,1,15,679.7888,689.7655
8,1,16,693.2325,711.72296
8,2,0,999.8584,197.1698
8,2,1,1009.7435,189.93616
8,2,2,993.5593,188.68605
8,2,3,1030.8639,193.02388
8,2,4,988.7504,191.38823
8,2,5,1041.709,235.67891
8,2,6,965.8398,225.23567
8,2,7,1037.0493,280.0993
8,2,8,910.76697,264.3567
8,2,9,1011.83636,229.89426
8,2,10,945.9025,232.40817
8,2,11,990.2136,350.39648
8,2,12,938.873,343.6592
8,2,13,972.65936,413.45956
8,2,14,916.1496,404.95602
8,2,15,958.3495,475.6604
8,2,16,890.80316,474.22968
9,1,0,581.0958,426.82135
9,1,1,570.66724,412.48367
9,1,2,584.011,414.2458
9,1,3,493.63422,404.90265
9,1,4,549.7193,418.72723
9,1,5,407.3129,462.56003
9,1,6,513.92883,504.24985
9,1,7,446.92038,567.6936
9,1,8,559.15204,628.414
9,1,9,576.6114,569.21826
9,1,10,626.7373,592.5657
9,1,11,394.31662,651.35785
9,1,12,465.78873,684.732
9,1,13,653.08093,571.2038
9,1,14,696.6527,604.33514
9,1,15,679.0916,690.94543
9,1,16,692.207,712.94745
9,2,0,999.15405,196.53317
9,2,1,1008.8339,189.27162
9,2,2,992.8427,188.23701
9,2,3,1030.0591,192.4429
9,2,4,988.2951,191.25839
9,2,5,1040.5731,235.72423
9,2,6,966.71375,225.68568
9,2,7,1036.0375,279.65598
9,2,8,910.81104,264.27972
9,2,9,1011.07184,229.83153
9,2,10,946.26276,232.32108
9,2,11,990.7034,350.3166
9,2,12,940.53394,343.75577
9,2,13,973.6469,412.4493
9,2,14,917.81494,403.99518
9,2,15,960.5166,473.8529
9,2,16,891.0135,472.5739
9,3,0,687.33307,163.57437
9,3,1,689.62604,158.9044
9,3,2,686.0143,159.29222
9,3,3,698.7089,158.10347
9,3,4,684.03186,158.47267
9,3,5,713.24414,179.86407
9,3,6,679.8828,179.35686
9,3,7,723.611,216.93297
9,3,8,677.2978,214.66536
9,3,9,719.1789,244.40439
9,3,10,685.00073,237.9228
9,3,11,715.5566,252.13405
9,3,12,693.65106,252.03532
9,3,13,720.6025,304.89377
9,3,14,697.1705,304.93076
9,3,15,726.788,349.06192
9,3,16,703.5271,347.80795
10,1,0,580.01965,427.1905
10,1,1,568.8293,413.0634
10,1,2,583.43304,414.63892
10,1,3,491.13824,405.6582
10,1,4,549.4891,418.69647
10,1,5,408.18686,462.87973
10,1,6,512.28064,504.51535
10,1,7,449.1646,567.8662
10,1,8,558.7945,629.5455
10,1,9,574.93286,568.9491
10,1,10,625.73676,592.1834
10,1,11,399.84604,651.6797
10,1,12,469.47687,685.10223
10,1,13,656.49664,570.24023
10,1,14,697.30585,603.4267
10,1,15,681.207,689.2568
10,1,16,694.0399,709.9898
10,2,0,999.05054,197.01025
10,2,1,1008.79645,189.64987
10,2,2,992.7284,188.52762
10,2,3,1030.239,192.33885
10,2,4,988.19965,190.94371
10,2,5,1041.3116,235.48698
10,2,6,966.2449,224.56995
10,2,7,1037.9476,280.55453
10,2,8,910.14496,263.59158
10,2,9,1011.1758,229.42374
10,2,10,947.35333,231.40239
10,2,11,989.98584,351.8272
10,2,12,939.0716,344.78763
10,2,13,971.9223,415.5623
10,2,14,916.03955,406.32883
10,2,15,959.27026,476.37985
10,2,16,889.8768,474.50174
10,3,0,687.0285,164.73514
10,3,1,689.29443,160.14482
10,3,2,686.163,160.47716
10,3,3,698.2786,159.2546
10,3,4,685.7264,159.55252
10,3,5,712.6136,180.52702
10,3,6,681.69696,179.85187
10,3,7,722.0753,216.61473
10,3,8,678.19104,213.9977
10,3,9,716.7963,241.6013
10,3,10,684.2465,234.95729
10,3,11,714.0288,251.19405
10,3,12,693.8853,250.87228
10,3,13,717.9257,303.22296
10,3,14,696.77405,303.0767
10,3,15,724.1503,347.65024
10,3,16,703.492,346.1392
11,1,0,579.7777,427.87558
11,1,1,568.87555,413.48712
11,1,2,583.0672,415.15753
11,1,3,491.16995,405.34634
11,1,4,548.8505,418.73053
11,1,5,406.04147,462.9177
11,1,6,512.54034,504.414
11,1,7,446.67056,567.9224
11,1,8,558.5075,628.5715
11,1,9,574.81494,569.6324
11,1,10,625.93304,592.9581
11,1,11,396.31897,651.65186
11,1,12,467.6052,684.9373
11,1,13,651.74884,571.13293
11,1,14,694.4078,604.0345
11,1,15,679.42645,689.4647
11,1,16,692.46075,710.56287
11,2,0,999.43353,197.05362
11,2,1,1009.12415,189.64702
11,2,2,993.0429,188.49986
11,2,3,1030.2609,191.93561
11,2,4,988.34064,190.5541
11,2,5,1040.9348,234.16403
11,2,6,966.16907,224.12846
11,2,7,1037.2284,278.35754
11,2,8,910.51447,263.5775
11,2,9,1010.0827,228.45862
11,2,10,947.5833,231.17796
11,2,11,989.52356,351.32306
11,2,12,938.75946,344.6964
11,2,13,972.29346,415.49835
11,2,14,916.3723,406.90283
11,2,15,958.4851,477.00266
11,2,16,889.21094,475.17953
12,1,0,579.9128,427.5218
12,1,1,569.3177,413.2744
12,1,2,582.9786,414.7757
12,1,3,492.62238,405.67493
12,1,4,548.5082,418.36182
12,1,5,408.11618,463.15503
12,1,6,512.05817,503.23117
12,1,7,448.54803,568.9873
12,1,8,557.4941,628.05164
12,1,9,575.08716,569.57214
12,1,10,625.34,592.32935
12,1,11,397.89676,651.63916
12,1,12,467.50766,684.44226
12,1,13,655.3629,571.5235
12,1,14,697.4294,603.7886
12,1,15,680.77246,690.5036
12,1,16,693.4366,711.23816
12,2,0,999.2194,197.10977
12,2,1,1008.6174,189.83011
12,2,2,993.1378,188.5469
12,2,3,1029.5178,191.80661
12,2,4,988.61615,190.06761
12,2,5,1040.4377,233.59203
12,2,6,966.0024,223.01794
12,2,7,1036.4845,279.3312
12,2,8,911.25183,263.73337
12,2,9,1010.2503,228.3054
12,2,10,947.693,230.70517
12,2,11,989.4189,350.72357
12,2,12,938.696,343.93558
12,2,13,973.2073,415.04944
12,2,14,916.65857,406.2487
12,2,15,958.4114,476.57663
12,2,16,888.66425,474.5027
13,1,0,999.6621,197.58977
13,1,1,1009.214,189.92523
13,1,2,992.88885,189.1211
13,1,3,1030.0435,191.35577
13,1,4,987.75854,190.86728
13,1,5,1041.1753,233.35033
13,1,6,965.9775,223.86308
13,1,7,1036.1765,279.03525
13,1,8,912.43097,263.7746
13,1,9,1010.38574,228.67876
13,1,10,945.6072,231.51
13,1,11,989.6249,348.54153
13,1,12,938.5977,342.32065
13,1,13,975.4815,407.12964
13,1,14,917.3712,399.56482
13,1,15,961.5812,470.63916
13,1,16,891.63727,471.01263
13,2,0,580.0814,427.99777
13,2,1,569.6063,413.50394
13,2,2,583.2255,414.94675
13,2,3,493.0487,405.63937
13,2,4,549.12933,418.16504
13,2,5,408.3608,463.794
13,2,6,512.5343,502.87292
13,2,7,450.01575,570.1727
13,2,8,555.5568,627.67944
13,2,9,577.413,569.6246
13,2,10,625.08374,592.8248
13,2,11,398.45285,653.5007
13,2,12,468.38293,685.91785
13,2,13,653.64087,574.4046
13,2,14,696.7172,605.8048
13,2,15,683.20776,693.23987
13,2,16,695.9416,713.5408
14,1,0,1000.2974,197.20541
14,1,1,1009.7819,189.78616
14,1,2,993.40027,188.58485
14,1,3,1028.9727,192.09468
14,1,4,986.6935,190.61859
14,1,5,1038.6686,234.02715
14,1,6,964.1977,224.01219
14,1,7,1035.3533,279.19327
14,1,8,912.05475,264.08643
14,1,9,1010.15015,229.73018
14,1,10,946.3024,231.24387
14,1,11,988.8415,348.5877
14,1,12,938.20654,342.2295
14,1,13,973.9547,411.57333
14,1,14,916.11694,403.4678
14,1,15,960.27124,474.9261
14,1,16,889.7736,473.63702
14,2,0,580.10345,427.90607
14,2,1,569.36536,413.45224
14,2,2,583.23016,414.94208
14,2,3,491.57407,405.5106
14,2,4,548.84656,418.41623
14,2,5,405.63528,463.489
14,2,6,513.3986,503.4671
14,2,7,446.5017,569.83527
14,2,8,557.0743,628.02277
14,2,9,577.28906,569.9829
14,2,10,625.88715,592.5465
14,2,11,397.41238,652.5759
14,2,12,469.76715,685.42505
14,2,13,652.2903,575.10065
14,2,14,697.32587,607.0951
14,2,15,681.03577,692.81934
14,2,16,694.62274,713.64014
14,3,0,682.0029,161.70813
14,3,1,684.2777,156.8639
14,3,2,680.3369,157.42564
14,3,3,693.9931,155.77522
14,3,4,678.023,156.41492
14,3,5,709.91235,177.7677
14,3,6,675.2378,177.52568
14,3,7,721.5745,216.25218
14,3,8,674.2778,214.7432
14,3,9,716.87244,244.05894
14,3,10,684.20764,238.28522
14,3,11,715.01117,253.52051
14,3,12,691.9642,253.68413
14,3,13,721.54224,310.15567
14,3,14,696.5267,310.44626
14,3,15,728.3615,354.96097
14,3,16,703.3495,353.91925
15,1,0,1000.26996,197.02348
15,1,1,1009.86743,189.70761
15,1,2,993.4341,188.66777
15,1,3,1029.5725,192.28615
15,1,4,986.9486,191.25102
15,1,5,1040.1487,233.90218
15,1,6,964.61237,224.4271
15,1,7,1037.6116,279.17432
15,1,8,912.66644,264.21332
15,1,9,1011.9546,230.25874
15,1,10,945.3301,232.10385
15,1,11,990.11163,346.53122
15,1,12,938.97723,340.1436
15,1,13,972.825,407.39993
15,1,14,914.97144,399.2181
15,1,15,960.4277,471.74088
15,1,16,891.3513,470.39496
15,2,0,580.54846,427.24963
15,2,1,569.7491,413.029
15,2,2,583.5413,414.61288
15,2,3,491.80966,405.5765
15,2,4,548.6966,418.65784
15,2,5,406.83548,462.37204
15,2,6,512.3579,503.2962
15,2,7,448.06934,568.45917
15,2,8,557.39453,628.50726
15,2,9,577.12396,569.6281
15,2,10,625.7771,591.4782
15,2,11,397.4669,650.57825
15,2,12,468.37885,683.868
15,2,13,655.5648,572.42535
15,2,14,699.3099,605.3323
15,2,15,681.19434,692.7226
15,2,16,694.9785,714.00555
15,3,0,678.9948,160.78836
15,3,1,681.4466,156.04822
15,3,2,677.8142,156.52022
15,3,3,692.0643,155.16617
15,3,4,677.2876,155.59694
15,3,5,708.38336,177.18552
15,3,6,675.8581,176.60672
15,3,7,719.7254,215.52197
15,3,8,675.6052,213.39859
15,3,9,713.6152,243.75887
15,3,10,683.5484,237.63432
15,3,11,714.3606,250.9014
15,3,12,692.7085,250.79008
15,3,13,720.67053,305.82516
15,3,14,696.6832,305.88553
15,3,15,729.2733,351.13757
15,3,16,704.8981,349.56537
16,1,0,999.6062,196.63518
16,1,1,1009.4008,189.67145
16,1,2,992.94073,188.25479
16,1,3,1028.779,193.37779
16,1,4,986.3644,191.43959
16,1,5,1037.6235,235.38054
16,1,6,964.01086,225.64949
16,1,7,1034.9744,278.72437
16,1,8,912.54895,264.42487
16,1,9,1009.9036,230.09294
16,1,10,945.1213,231.72963
16,1,11,988.8818,347.5478
16,1,12,938.76086,341.1282
16,1,13,972.74603,408.13513
16,1,14,914.7361,399.54053
16,1,15,961.8451,472.78116
16,1,16,890.992,469.8294
16,2,0,580.5996,427.21344
16,2,1,570.235,412.9958
16,2,2,583.5357,414.46393
16,2,3,493.3526,405.55316
16,2,4,548.8424,418.29172
16,2,5,407.88965,462.56717
16,2,6,512.128,503.0009
16,2,7,447.85876,568.6306
16,2,8,557.5583,628.08545
16,2,9,576.28436,570.2648
16,2,10,626.30206,592.0783
16,2,11,397.65787,650.7246
16,2,12,467.62885,683.79834
16,2,13,655.7385,573.41815
16,2,14,698.37335,606.02966
16,2,15,682.08795,694.82666
16,2,16,695.59204,715.7797
16,3,0,682.18604,164.68365
16,3,1,684.5156,160.08064
16,3,2,681.5634,160.45857
16,3,3,694.44196,158.98726
16,3,4,682.4474,159.31483
16,3,5,709.50366,180.04424
16,3,6,680.83307,179.33829
16,3,7,719.0672,216.72787
16,3,8,679.7426,214.3058
16,3,9,711.89417,241.32411
16,3,10,685.18054,235.56415
16,3,11,713.90643,251.37585
16,3,12,694.9831,251.08093
16,3,13,719.54974,303.8108
16,3,14,698.33124,303.64792
16,3,15,728.448,348.638
16,3,16,706.82404,346.87912
17,1,0,999.47406,196.5508
17,1,1,1009.59393,189.52924
17,1,2,992.8486,188.08597
17,1,3,1029.7704,193.45206
17,1,4,986.83716,191.46739
17,1,5,1039.5822,236.12758
17,1,6,964.05585,226.10829
17,1,7,1037.5846,278.75128
17,1,8,912.23047,263.8875
17,1,9,1011.37103,229.924
17,1,10,946.2813,231.52744
17,1,11,988.5591,349.7727
17,1,12,937.3091,343.00397
17,1,13,970.84,412.0065
17,1,14,912.64874,403.0316
17,1,15,959.19385,474.92984
17,1,16,889.56854,471.7562
17,2,0,580.53314,427.39127
17,2,1,569.96735,413.17874
17,2,2,583.5694,414.5716
17,2,3,492.9878,405.7498
17,2,4,549.0529,418.21164
17,2,5,408.024,462.9009
17,2,6,511.37933,503.21405
17,2,7,449.0178,569.0436
17,2,8,558.00116,628.7434
17,2,9,575.8261,569.7681
17,2,10,626.9643,591.7037
17,2,11,397.8841,652.85754
17,2,12,467.23682,685.873
17,2,13,654.92737,572.93616
17,2,14,696.8177,605.45105
17,2,15,683.08527,695.8028
17,2,16,696.8492,716.26917
17,3,0,684.062,165.40538
17,3,1,686.4843,160.79819
17,3,2,683.502,161.1111
17,3,3,696.15204,159.72719
17,3,4,684.3882,159.94142
17,3,5,710.5998,180.92003
17,3,6,682.0569,180.15628
17,3,7,720.3073,217.87558
17,3,8,680.1601,215.32169
17,3,9,714.74115,244.57687
17,3,10,685.0281,238.43364
17,3,11,714.09674,252.01073
17,3,12,695.36523,251.68936
17,3,13,719.7745,304.03815
17,3,14,698.4629,303.86154
17,3,15,729.08136,348.63687
17,3,16,706.9197,346.90103
18,1,0,999.40186,196.48096
18,1,1,1009.83856,189.55014
18,1,2,992.63446,187.95457
18,1,3,1029.9004,194.52621
18,1,4,986.1354,192.22145
18,1,5,1040.1108,238.01486
18,1,6,962.91345,228.54427
18,1,7,1040.7416,278.16782
18,1,8,911.54376,264.80286
18,1,9,1011.3069,231.37386
18,1,10,946.5417,233.41284
18,1,11,988.8672,353.13617
18,1,12,936.6751,346.43903
18,1,13,971.3055,412.3611
18,1,14,912.7127,402.9956
18,1,15,958.7662,475.2273
18,1,16,889.89343,470.3258
18,2,0,579.7833,427.69403
18,2,1,569.3668,413.37244
18,2,2,582.9118,414.8545
18,2,3,492.96573,405.66284
18,2,4,549.05566,418.3014
18,2,5,408.10577,463.03958
18,2,6,512.6382,503.12253
18,2,7,449.1569,568.66364
18,2,8,558.76746,627.69635
18,2,9,576.1419,570.0787
18,2,10,626.8795,592.4562
18,2,11,398.09167,652.11066
18,2,12,468.1332,684.8763
18,2,13,654.6441,574.44977
18,2,14,697.0656,606.52246
18,2,15,683.6045,694.01984
18,2,16,696.7558,714.41187
18,3,0,688.8588,166.35936
18,3,1,690.8409,161.71915
18,3,2,687.9736,162.00517
18,3,3,698.5613,160.56152
18,3,4,687.1256,160.69043
18,3,5,711.6679,181.58168
18,3,6,682.9143,180.79845
18,3,7,721.4768,218.56667
18,3,8,679.6835,215.97902
18,3,9,718.8351,245.91136
18,3,10,685.93494,238.99527
18,3,11,714.3948,253.22203
18,3,12,695.7814,253.09373
18,3,13,720.15814,305.14487
18,3,14,699.7802,305.12976
18,3,15,727.4197,350.1179
18,3,16,706.7692,348.79547
19,1,0,999.6653,197.33443
19,1,1,1009.51965,189.82854
19,1,2,992.53516,188.82378
19,1,3,1029.4736,192.52074
19,1,4,985.90405,191.58635
19,1,5,1039.6581,235.10481
19,1,6,963.7249,225.95139
19,1,7,1036.5912,279.1536
19,1,8,911.8417,265.25235
19,1,9,1011.0798,230.35777
19,1,10,946.4979,233.6537
19,1,11,989.81433,350.2094
19,1,12,938.12573,343.95755
19,1,13,972.0274,411.23053
19,1,14,912.05536,403.22888
19,1,15,961.37933,473.9545
19,1,16,889.07306,472.95215
19,2,0,579.0978,427.99094
19,2,1,568.68054,413.4597
19,2,2,582.51044,414.95248
19,2,3,491.83667,405.1491
19,2,4,549.1366,417.7492
19,2,5,406.10156,462.16495
19,2,6,512.6376,502.15198
19,2,7,445.33575,568.8538
19,2,8,558.5652,627.46893
19,2,9,574.0747,569.29083
19,2,10,627.0363,592.1384
19,2,11,396.89734,652.17365
19,2,12,468.26193,685.0535
19,2,13,654.26794,574.2895
19,2,14,697.288,606.4954
19,2,15,681.7863,695.2144
19,2,16,695.7383,715.947
19,3,0,685.20465,164.77599
19,3,1,687.3496,160.08232
19,3,2,684.20483,160.4039
19,3,3,695.8818,158.90256
19,3,4,683.0601,159.04279
19,3,5,710.0916,180.14877
19,3,6,679.1191,179.47517
19,3,7,721.00354,217.78198
19,3,8,677.27795,215.66734
19,3,9,717.4603,246.04524
19,3,10,685.5022,239.74632
19,3,11,713.8462,252.82271
19,3,12,693.6228,252.78508
19,3,13,720.0912,305.05023
19,3,14,697.9674,305.1538
19,3,15,727.8989,349.9876
19,3,16,705.8183,348.69604
20,1,0,999.6748,197.12923
20,1,1,1009.4351,190.0426
20,1,2,992.95056,188.69609
20,1,3,1028.9739,193.29868
20,1,4,986.507,191.53044
20,1,5,1038.1771,235.1322
20,1,6,964.18835,225.00456
20,1,7,1034.3534,278.89578
20,1,8,912.52954,263.9275
20,1,9,1010.25653,229.87196
20,1,10,946.3195,232.58134
20,1,11,988.8326,347.48282
20,1,12,938.4797,340.96014
20,1,13,972.2838,404.78296
20,1,14,913.77856,396.2965
20,1,15,960.27576,469.59454
20,1,16,889.527,467.60938
20,2,0,578.04114,428.59082
20,2,1,567.5541,414.06702
20,2,2,581.4853,415.3354
20,2,3,491.28595,405.64642
20,2,4,548.0019,417.4284
20,2,5,406.1305,463.03513
20,2,6,512.8551,501.44348
20,2,7,444.76523,569.90186
20,2,8,557.4237,626.29456
20,2,9,575.10803,569.4423
20,2,10,625.41016,592.1093
20,2,11,400.55493,652.5024
20,2,12,472.01315,684.8282
20,2,13,654.09625,578.42993
20,2,14,698.18805,609.82574
20,2,15,679.397,698.6054
20,2,16,693.62244,718.7049
20,3,0,682.4377,162.49236
20,3,1,684.27673,157.81662
20,3,2,681.5284,158.20705
20,3,3,692.6852,156.57565
20,3,4,680.5882,156.77069
20,3,5,707.4406,177.49777
20,3,6,677.69824,176.90247
20,3,7,719.80896,215.36234
20,3,8,677.2082,213.53423
20,3,9,717.54083,244.7099
20,3,10,685.2579,238.50786
20,3,11,712.8288,249.13913
20,3,12,693.50977,249.16885
20,3,13,718.2351,301.9576
20,3,14,698.344,302.1381
20,3,15,725.87866,348.02496
20,3,16,706.6632,346.7408
21,1,0,999.664,197.37553
21,1,1,1009.01404,190.17448
21,1,2,992.9765,189.15854
21,1,3,1028.7966,192.13126
21,1,4,986.6518,191.07732
21,1,5,1038.8195,233.13501
21,1,6,964.7072,223.12799
21,1,7,1034.086,279.2198
21,1,8,913.1374,263.34937
21,1,9,1009.2498,229.3652
21,1,10,947.6732,231.53734
21,1,11,989.80554,346.14713
21,1,12,939.16766,339.63257
21,1,13,972.3549,405.55164
21,1,14,913.8634,397.24142
21,1,15,960.89813,468.67102
21,1,16,889.90594,467.80472
21,2,0,575.54974,430.4626
21,2,1,565.03687,415.5602
21,2,2,579.5619,416.89252
21,2,3,489.28632,406.05405
21,2,4,547.50867,417.366
21,2,5,405.42664,462.6595
21,2,6,511.8965,500.20294
21,2,7,445.50323,570.4962
21,2,8,557.952,625.70215
21,2,9,574.3213,569.6869
21,2,10,624.60065,591.7535
21,2,11,399.92273,653.6028
21,2,12,471.22253,685.41266
21,2,13,652.8766,579.90674
21,2,14,696.1085,610.6613
21,2,15,677.4886,701.83496
21,2,16,692.38086,721.13544
21,3,0,678.79816,156.11836
21,3,1,681.7473,151.20236
21,3,2,677.27435,151.5425
21,3,3,693.22394,150.73207
21,3,4,675.8099,151.09706
21,3,5,709.0675,173.35912
21,3,6,672.7475,172.90642
21,3,7,721.04645,209.69992
21,3,8,672.8622,208.13887
21,3,9,718.1495,239.59349
21,3,10,681.2084,232.17183
21,3,11,711.7185,245.04572
21,3,12,687.71405,245.21031
21,3,13,716.82446,298.88754
21,3,14,693.745,299.23236
21,3,15,726.1152,347.9434
21,3,16,704.52814,346.73056
22,1,0,998.8523,197.35713
22,1,1,1008.49225,190.2088
22,1,2,992.2358,189.08557
22,1,3,1028.7562,192.71931
22,1,4,986.21655,191.37128
22,1,5,1038.8585,233.83815
22,1,6,964.0654,223.99605
22,1,7,1036.5023,278.6305
22,1,8,911.5169,263.59302
22,1,9,1009.5143,230.1412
22,1,10,949.029,230.99533
22,1,11,988.86035,347.8725
22,1,12,937.8481,341.3498
22,1,13,972.37463,407.7295
22,1,14,914.1239,399.0938
22,1,15,960.6496,470.14246
22,1,16,888.7042,467.8342
22,2,0,573.6802,430.57007
22,2,1,563.11487,415.6719
22,2,2,577.69617,416.89835
22,2,3,487.79886,405.91776
22,2,4,545.7147,416.70593
22,2,5,404.9339,462.28748
22,2,6,510.6379,499.09863
22,2,7,445.89218,570.2818
22,2,8,557.05084,624.64075
22,2,9,574.45483,570.83026
22,2,10,623.96454,592.2852
22,2,11,401.1101,652.1272
22,2,12,471.86948,683.57367
22,2,13,651.1134,579.54596
22,2,14,693.93304,609.88293
22,2,15,674.78235,699.81067
22,2,16,689.3184,718.53937
22,3,0,678.9912,151.36717
22,3,1,681.73816,146.23555
22,3,2,676.9354,146.69661
22,3,3,692.9375,146.32419
22,3,4,673.9715,146.88724
22,3,5,708.8969,170.70868
22,3,6,670.5414,170.71051
22,3,7,720.3342,210.03653
22,3,8,670.89545,210.0111
22,3,9,717.6948,241.24583
22,3,10,682.0653,237.0608
22,3,11,714.39594,249.29642
22,3,12,688.5686,249.91049
22,3,13,722.1637,305.80978
22,3,14,694.3686,306.52936
22,3,15,730.7041,352.64438
22,3,16,703.03925,352.06995
23,1,0,573.86774,429.2826
23,1,1,563.2081,414.77698
23,1,2,577.5121,415.8142
23,1,3,487.35068,406.15884
23,1,4,544.76587,416.64566
23,1,5,404.47058,463.08395
23,1,6,510.0546,498.80594
23,1,7,444.95956,571.8989
23,1,8,556.7207,624.20715
23,1,9,575.4309,571.65295
23,1,10,624.48004,591.65466
23,1,11,401.07672,651.42114
23,1,12,471.93396,682.53827
23,1,13,650.76843,580.0393
23,1,14,694.64954,610.0884
23,1,15,672.9644,699.6487
23,1,16,688.65765,718.7853
23,2,0,997.97864,197.26532
23,2,1,1007.75446,189.94281
23,2,2,991.17755,188.95888
23,2,3,1028.3285,192.55777
23,2,4,985.28784,191.54388
23,2,5,1038.2638,234.45244
23,2,6,963.6164,225.07979
23,2,7,1034.6487,279.06757
23,2,8,910.898,264.64035
23,2,9,1008.483,230.74904
23,2,10,948.4227,231.51277
23,2,11,988.9428,348.3268
23,2,12,937.9729,342.04007
23,2,13,971.807,408.69083
23,2,14,913.1832,400.5916
23,2,15,961.3553,470.9925
23,2,16,888.96545,469.59326
23,3,0,678.4815,148.79373
23,3,1,681.6134,143.44247
23,3,2,675.8845,143.9791
23,3,3,693.2655,143.6472
23,3,4,672.1341,144.4441
23,3,5,708.93024,168.91824
23,3,6,669.1872,169.3266
23,3,7,720.6965,209.38466
23,3,8,669.1705,210.34952
23,3,9,718.4099,242.15057
23,3,10,679.8685,239.41109
23,3,11,714.17395,250.10677
23,3,12,687.5253,250.88943
23,3,13,721.2256,308.70297
23,3,14,694.46686,309.61475
23,3,15,728.6729,355.75064
23,3,16,703.3144,355.46918
24,1,0,572.8737,428.55667
24,1,1,561.62445,414.0658
24,1,2,577.02734,415.15375
24,1,3,484.725,405.2413
24,1,4,545.2699,415.81436
24,1,5,403.30856,462.23242
24,1,6,508.80652,498.0016
24,1,7,444.04517,570.52924
24,1,8,555.7066,622.83344
24,1,9,574.56396,570.7308
24,1,10,624.30334,590.9533
24,1,11,400.37582,651.3901
24,1,12,471.06058,682.7614
24,1,13,652.05615,580.35345
24,1,14,694.3597,611.003
24,1,15,674.3874,698.72595
24,1,16,690.26044,718.70135
24,2,0,998.7097,197.04944
24,2,1,1008.3654,189.94768
24,2,2,991.9357,188.86388
24,2,3,1028.3267,192.96335
24,2,4,985.2187,191.6679
24,2,5,1036.8179,234.82997
24,2,6,963.28375,225.25137
24,2,7,1033.4357,279.33255
24,2,8,911.5295,265.1107
24,2,9,1007.1253,229.77016
24,2,10,947.7109,232.02837
24,2,11,987.4782,349.94315
24,2,12,936.9687,343.52832
24,2,13,970.8971,411.04776
24,2,14,912.9151,402.43845
24,2,15,961.7014,471.58243
24,2,16,889.1498,469.5275
24,3,0,677.31256,147.38968
24,3,1,680.7478,142.04741
24,3,2,674.65314,142.57446
24,3,3,692.81683,142.53426
24,3,4,671.2962,143.38177
24,3,5,708.69275,168.75761
24,3,6,668.65894,169.12999
24,3,7,721.2971,208.58052
24,3,8,668.2222,209.13118
24,3,9,718.90125,242.22923
24,3,10,677.11786,238.40773
24,3,11,713.01746,248.4523
24,3,12,686.6695,249.1122
24,3,13,717.73566,305.3164
24,3,14,693.6384,306.0848
24,3,15,724.6146,352.52
24,3,16,703.61084,352.03513
25,1,0,572.8999,425.00098
25,1,1,561.05994,411.16837
25,1,2,576.27844,411.96793
25,1,3,481.89114,404.37802
25,1,4,542.32025,415.19672
25,1,5,398.87805,463.235
25,1,6,509.21594,498.98392
25,1,7,439.12704,571.3832
25,1,8,553.1837,622.58966
25,1,9,576.6678,570.63275
25,1,10,623.7718,589.28503
25,1,11,402.65643,649.6194
25,1,12,476.76532,681.52856
25,1,13,654.7309,578.80176
25,1,14,701.55396,609.5898
25,1,15,678.3034,693.4712
25,1,16,693.74457,714.04175
25,2,0,994.9917,196.48753
25,2,1,1005.2155,189.50928
25,2,2,988.9408,187.94109
25,2,3,1027.1216,192.83043
25,2,4,985.1,190.40451
25,2,5,1036.9576,235.10521
25,2,6,963.9964,224.4345
25,2,7,1032.4503,279.33664
25,2,8,910.7896,264.1114
25,2,9,1007.6325,229.27464
25,2,10,945.3539,232.11432
25,2,11,988.57983,346.09845
25,2,12,938.70544,339.3591
25,2,13,974.4607,407.4167
25,2,14,915.97253,398.28348
25,2,15,963.7365,472.5971
25,2,16,890.93085,469.1732
25,3,0,685.27094,163.63605
25,3,1,687.2398,158.82675
25,3,2,683.6973,159.35466
25,3,3,695.59924,157.5383
25,3,4,680.7531,158.10435
25,3,5,710.4747,178.95526
25,3,6,676.58154,178.8247
25,3,7,722.0919,216.49658
25,3,8,675.1218,215.32733
25,3,9,718.13416,242.55498
25,3,10,684.77,237.422
25,3,11,714.4985,253.66492
25,3,12,692.0627,253.95464
25,3,13,721.5348,309.26956
25,3,14,696.7243,309.63354
25,3,15,728.4124,355.24805
25,3,16,703.39,354.43878
26,1,0,569.4329,423.8334
26,1,1,557.70374,410.06488
26,1,2,572.67413,410.7063
26,1,3,480.47833,403.54596
26,1,4,539.42725,413.2833
26,1,5,400.45596,463.1237
26,1,6,506.5887,496.0618
26,1,7,444.13477,570.6806
26,1,8,552.41284,618.2043
26,1,9,580.9597,571.1573
26,1,10,623.3968,588.9473
26,1,11,403.95856,648.1361
26,1,12,475.22018,678.896
26,1,13,655.09216,581.23346
26,1,14,700.23016,610.86414
26,1,15,679.76385,694.877
26,1,16,694.6841,715.26105
26,2,0,996.7267,196.51126
26,2,1,1007.02734,189.52083
26,2,2,990.4872,188.03886
26,2,3,1028.5435,193.21017
26,2,4,986.157,191.06697
26,2,5,1038.0381,235.61371
26,2,6,964.55334,225.90315
26,2,7,1033.3505,277.7969
26,2,8,910.80554,264.10086
26,2,9,1006.09894,229.82515
26,2,10,944.92236,232.94463
26,2,11,989.2429,346.1296
26,2,12,939.10767,339.74524
26,2,13,975.1736,405.5873
26,2,14,916.4069,396.89307
26,2,15,964.59485,472.0744
26,2,16,892.063,468.60492
26,3,0,678.0108,152.79967
26,3,1,681.2882,147.60295
26,3,2,675.5872,148.13586
26,3,3,693.2656,147.50725
26,3,4,672.57556,148.36656
26,3,5,709.3457,171.5941
26,3,6,669.8786,172.082
26,3,7,721.96826,208.83281
26,3,8,669.4425,209.44398
26,3,9,718.67236,237.94824
26,3,10,677.92487,234.19423
26,3,11,713.78436,247.34685
26,3,12,687.5324,248.01994
26,3,13,719.6429,303.4645
26,3,14,693.6522,304.23755
26,3,15,728.2191,351.96368
26,3,16,703.6877,351.46463
27,1,0,570.0378,422.59283
27,1,1,558.6717,409.05826
27,1,2,572.37463,409.03595
27,1,3,482.04315,403.51
27,1,4,536.9097,411.89325
27,1,5,398.50034,465.35104
27,1,6,506.5795,495.0156
27,1,7,439.7048,575.26685
27,1,8,547.6665,617.9352
27,1,9,583.65924,572.16547
27,1,10,624.1495,589.51733
27,1,11,405.98386,649.25507
27,1,12,478.62918,679.3768
27,1,13,656.2606,582.08215
27,1,14,705.6977,610.2263
27,1,15,680.60016,694.6285
27,1,16,694.3104,714.72424
27,2,0,997.04224,197.13701
27,2,1,1007.20734,189.9064
27,2,2,990.7609,188.75867
27,2,3,1029.2032,192.97057
27,2,4,986.866,191.64995
27,2,5,1040.584,235.19942
27,2,6,965.38007,226.64081
27,2,7,1037.2915,276.06403
27,2,8,911.0198,263.90106
27,2,9,1008.0827,229.38728
27,2,10,944.8841,233.45937
27,2,11,990.2155,348.4679
27,2,12,939.0461,342.31247
27,2,13,975.6991,408.50208
27,2,14,916.5737,400.29572
27,2,15,962.69086,473.7392
27,2,16,890.53784,470.90668
28,1,0,568.5179,421.6299
28,1,1,556.96295,408.09396
28,1,2,570.66315,407.9966
28,1,3,479.84912,402.73502
28,1,4,534.9251,411.25565
28,1,5,396.55664,466.18353
28,1,6,505.73764,495.00113
28,1,7,440.2961,576.0089
28,1,8,548.55084,616.43866
28,1,9,586.00226,572.4748
28,1,10,627.51587,588.6558
28,1,11,404.68335,650.8429
28,1,12,478.11615,680.37573
28,1,13,650.2441,583.40216
28,1,14,700.94183,610.489
28,1,15,680.4804,695.10724
28,1,16,695.0579,714.75635
28,2,0,997.60284,197.05179
28,2,1,1007.63,189.99173
28,2,2,991.15576,188.63902
28,2,3,1028.4128,193.36993
28,2,4,985.82556,191.54948
28,2,5,1037.7417,235.4482
28,2,6,964.08105,226.20769
28,2,7,1033.2499,277.61334
28,2,8,911.53766,264.7446
28,2,9,1007.3505,229.66649
28,2,10,943.1036,234.35515
28,2,11,989.19196,347.03836
28,2,12,938.785,340.83243
28,2,13,975.3101,406.98877
28,2,14,915.63043,398.6398
28,2,15,964.3239,472.65076
28,2,16,891.0197,469.95734
29,1,0,565.8533,422.13422
29,1,1,554.2118,408.69434
29,1,2,567.7843,408.5293
29,1,3,476.95984,403.15588
29,1,4,531.35394,411.06897
29,1,5,393.9679,465.82684
29,1,6,504.06793,492.84973
29,1,7,436.87323,575.83044
29,1,8,549.01276,612.6441
29,1,9,579.8826,574.06573
29,1,10,625.29834,587.284
29,1,11,403.814,648.4793
29,1,12,477.8721,677.09814
29,1,13,646.24866,583.90875
29,1,14,698.7735,610.0969
29,1,15,674.6558,695.81116
29,1,16,691.56744,715.1621
29,2,0,998.3999,197.18239
29,2,1,1008.4035,190.27238
29,2,2,992.1058,188.70856
29,2,3,1028.7266,194.06453
29,2,4,986.53253,191.75275
29,2,5,1037.7968,236.25084
29,2,6,963.7957,227.0836
29,2,7,1034.3927,276.95718
29,2,8,911.27563,264.80243
29,2,9,1007.2416,230.0821
29,2,10,943.54816,234.40157
29,2,11,989.28156,349.58926
29,2,12,938.54315,343.35287
29,2,13,974.80994,410.20865
29,2,14,914.58,401.5925
29,2,15,964.1393,474.56705
29,2,16,890.2712,470.61267
29,3,0,675.3445,149.07016
29,3,1,679.0226,143.77806
29,3,2,672.62836,144.22641
29,3,3,690.1225,143.254
29,3,4,668.7156,144.1073
29,3,5,705.7229,165.8857
29,3,6,662.95483,167.50743
29,3,7,719.3929,201.67087
29,3,8,657.7027,203.8126
29,3,9,717.1519,231.86266
29,3,10,661.9408,229.79984
29,3,11,709.6949,240.88095
29,3,12,682.1275,242.11266
29,3,13,715.0052,298.405
29,3,14,691.69293,299.456
29,3,15,725.83514,348.88086
29,3,16,706.8542,348.82684
30,1,0,560.43884,420.91953
30,1,1,547.8215,407.3193
30,1,2,563.16406,407.0938
30,1,3,469.66592,401.42398
30,1,4,530.07526,409.02612
30,1,5,389.5725,466.03116
30,1,6,503.9435,490.9481
30,1,7,431.10004,577.89734
30,1,8,546.06165,610.3821
30,1,9,574.5726,574.64307
30,1,10,623.2539,586.1808
30,1,11,406.8812,649.18396
30,1,12,484.05603,677.0528
30,1,13,639.29956,588.1114
30,1,14,694.52747,613.43774
30,1,15,673.1927,695.06024
30,1,16,693.67206,714.832
30,2,0,997.7921,196.84377
30,2,1,1008.14185,190.21208
30,2,2,991.6206,188.35764
30,2,3,1028.6561,195.23404
30,2,4,986.0404,192.26231
30,2,5,1036.8925,237.88669
30,2,6,963.473,228.34796
30,2,7,1034.8636,276.9123
30,2,8,911.5502,264.76242
30,2,9,1007.30945,230.38927
30,2,10,943.30676,234.5952
30,2,11,988.13293,350.7905
30,2,12,937.6674,344.20056
30,2,13,973.16785,411.0625
30,2,14,912.92896,401.5844
30,2,15,964.11957,475.29135
30,2,16,889.36285,469.5606
30,3,0,673.59814,150.19144
30,3,1,677.7376,144.99103
30,3,2,671.3738,145.39056
30,3,3,691.6578,145.53656
30,3,4,669.7977,146.21088
30,3,5,708.2155,170.88138
30,3,6,669.18427,171.20026
30,3,7,719.77094,207.97913
30,3,8,669.14044,207.87907
30,3,9,711.3145,237.17993
30,3,10,673.9543,233.17445
30,3,11,712.39777,244.46236
30,3,12,686.4299,244.85857
30,3,13,718.3848,298.47864
30,3,14,693.8451,298.98294
30,3,15,729.3763,347.97488
30,3,16,707.1422,346.8793
31,1,0,555.99457,421.94608
31,1,1,544.47186,407.79285
31,1,2,558.0238,407.7996
31,1,3,469.17413,400.9328
31,1,4,524.8753,408.44073
31,1,5,388.9069,464.93176
31,1,6,502.3351,488.54425
31,1,7,431.5999,576.6816
31,1,8,546.45935,606.85693
31,1,9,573.3739,574.5589
31,1,10,623.22125,584.99243
31,1,11,404.6172,647.71564
31,1,12,481.04898,674.8077
31,1,13,637.19293,587.5878
31,1,14,693.7792,612.0326
31,1,15,671.604,694.0456
31,1,16,691.8953,714.0576
31,2,0,997.6529,196.83176
31,2,1,1007.8518,190.33257
31,2,2,991.51556,188.51236
31,2,3,1028.1106,195.63423
31,2,4,985.8232,192.69597
31,2,5,1035.8121,238.11339
31,2,6,963.48676,228.50624
31,2,7,1033.0747,277.07446
31,2,8,911.85626,264.54404
31,2,9,1007.57904,230.84888
31,2,10,944.42,233.7119
31,2,11,988.16077,350.0035
31,2,12,938.3747,343.56897
31,2,13,973.63947,410.2557
31,2,14,914.3513,401.13727
31,2,15,964.58795,474.6204
31,2,16,890.5413,469.46298
31,3,0,674.3886,148.91412
31,3,1,678.4764,143.74596
31,3,2,672.3013,144.06555
31,3,3,692.2124,144.34384
31,3,4,670.6959,144.79727
31,3,5,708.77734,169.89742
31,3,6,669.37036,170.00967
31,3,7,721.07074,207.85258
31,3,8,669.5099,207.63187
31,3,9,712.8356,238.12491
31,3,10,674.4849,234.36073
31,3,11,712.47864,245.05821
31,3,12,686.31104,245.37067
31,3,13,718.6955,299.5433
31,3,14,693.5941,299.9812
31,3,15,729.8695,348.63242
31,3,16,706.8946,347.44482
32,1,0,553.6011,421.40738
32,1,1,541.8533,407.85428
32,1,2,555.41534,407.77026
32,1,3,467.36124,402.2752
32,1,4,522.9968,409.3619
32,1,5,389.71585,465.40692
32,1,6,500.37296,488.03558
32,1,7,433.43478,574.1829
32,1,8,545.7465,603.31793
32,1,9,573.524,573.6003
32,1,10,620.2169,584.86584
32,1,11,406.40118,645.9204
32,1,12,480.9134,672.6305
32,1,13,637.9516,586.6726
32,1,14,691.8685,610.97375
32,1,15,674.03516,694.0579
32,1,16,692.74615,714.51843
32,2,0,997.59656,196.96257
32,2,1,1007.7883,190.24728
32,2,2,991.6215,188.8639
32,2,3,1029.2627,194.9784
32,2,4,987.25146,193.00008
32,2,5,1039.1527,238.06949
32,2,6,965.0845,228.73111
32,2,7,1036.046,277.81345
32,2,8,911.75653,264.3919
32,2,9,1008.782,230.97318
32,2,10,944.2413,233.90207
32,2,11,989.26825,353.27213
32,2,12,938.49805,346.63663
32,2,13,972.51074,414.50644
32,2,14,913.6163,405.4729
32,2,15,962.3432,475.57596
32,2,16,889.9229,471.66205
32,3,0,674.936,149.08807
32,3,1,678.84155,143.87582
32,3,2,672.68787,144.21593
32,3,3,692.31305,144.83675
32,3,4,670.66113,145.32565
32,3,5,708.9662,171.22354
32,3,6,669.42847,171.2925
32,3,7,719.1441,210.55605
32,3,8,669.40607,210.26526
32,3,9,708.54865,238.16684
32,3,10,675.9216,234.71599
32,3,11,713.8247,249.83069
32,3,12,687.3501,250.1983
32,3,13,721.0764,305.39972
32,3,14,694.9683,305.90594
32,3,15,731.24805,352.646
32,3,16,707.383,351.50253
33,1,0,548.77924,423.42963
33,1,1,536.9963,409.43222
33,1,2,550.6158,409.41534
33,1,3,463.3605,402.6006
33,1,4,518.41095,409.09195
33,1,5,385.77948,464.49603
33,1,6,499.00464,486.61325
33,1,7,433.22983,572.3605
33,1,8,549.351,601.2657
33,1,9,573.9067,573.07245
33,1,10,621.1025,584.4567
33,1,11,404.93384,647.06396
33,1,12,480.7373,673.5814
33,1,13,638.9986,585.58875
33,1,14,694.12396,609.5272
33,1,15,673.29816,694.15344
33,1,16,691.17377,713.7757
33,2,0,997.2249,196.89217
33,2,1,1007.62244,190.252
33,2,2,991.4214,188.71362
33,2,3,1029.295,195.49208
33,2,4,987.4178,193.1584
33,2,5,1039.6138,238.22792
33,2,6,964.99854,229.01505
33,2,7,1038.489,277.79037
33,2,8,911.97986,264.84827
33,2,9,1010.65894,231.77826
33,2,10,943.6474,234.12187
33,2,11,989.5148,354.0091
33,2,12,938.5278,347.29694
33,2,13,973.1673,413.9642
33,2,14,913.93665,404.57068
33,2,15,962.66296,476.7963
33,2,16,890.0745,471.53635
33,3,0,676.0319,148.37068
33,3,1,679.9077,143.21594
33,3,2,673.82404,143.49081
33,3,3,692.92737,143.93927
33,3,4,671.67426,144.20978
33,3,5,709.2402,169.81064
33,3,6,669.32416,169.5477
33,3,7,721.32135,208.99149
33,3,8,668.17926,207.96353
33,3,9,714.7555,239.27962
33,3,10,674.26807,234.10948
33,3,11,713.5011,247.50903
33,3,12,687.1135,247.76015
33,3,13,719.7784,303.7411
33,3,14,694.68713,304.12244
33,3,15,730.2676,352.05716
33,3,16,707.4183,350.78302
34,1,0,544.41077,422.28476
34,1,1,531.857,408.13953
34,1,2,546.18896,407.9211
34,1,3,458.81674,401.2306
34,1,4,514.9169,406.89465
34,1,5,385.27487,465.85696
34,1,6,499.5419,485.19257
34,1,7,434.29712,571.7735
34,1,8,549.5887,595.7406
34,1,9,574.94293,573.0559
34,1,10,619.05676,581.9379
34,1,11,411.46027,647.6051
34,1,12,487.7299,672.7027
34,1,13,636.2057,584.81995
34,1,14,691.0369,607.04944
34,1,15,670.9157,691.2228
34,1,16,687.37866,710.04236
34,2,0,997.87573,196.85144
34,2,1,1008.3913,190.05693
34,2,2,992.0167,188.77303
34,2,3,1030.7224,195.36412
34,2,4,988.8179,193.6073
34,2,5,1042.3239,238.85628
34,2,6,966.9445,229.646
34,2,7,1041.1965,278.97458
34,2,8,911.99854,265.58276
34,2,9,1012.5513,232.02386
34,2,10,943.3225,236.18738
34,2,11,990.5988,355.92902
34,2,12,939.57416,349.05096
34,2,13,973.11035,416.0585
34,2,14,915.9663,406.54425
34,2,15,960.30426,477.6251
34,2,16,890.8599,473.21976
35,1,0,540.81964,423.3564
35,1,1,528.3875,408.92267
35,1,2,543.246,408.70206
35,1,3,456.92578,401.36505
35,1,4,514.68536,406.55466
35,1,5,384.97012,466.07965
35,1,6,500.96292,483.88364
35,1,7,432.7758,571.26013
35,1,8,550.25665,592.5793
35,1,9,572.7638,572.496
35,1,10,615.8773,580.98627
35,1,11,412.60925,646.3933
35,1,12,489.81192,670.83453
35,1,13,639.5462,586.2284
35,1,14,693.75574,607.6657
35,1,15,671.57947,693.2086
35,1,16,687.4433,711.76196
35,2,0,997.8098,196.77635
35,2,1,1008.0003,190.03351
35,2,2,991.9902,188.73904
35,2,3,1029.819,194.93394
35,2,4,988.4423,193.14972
35,2,5,1040.7966,237.94576
35,2,6,966.7719,228.60867
35,2,7,1038.9164,278.81873
35,2,8,912.5626,265.31436
35,2,9,1011.3673,231.88295
35,2,10,943.8895,236.13013
35,2,11,990.43634,354.14102
35,2,12,939.9942,347.2603
35,2,13,972.97577,411.4455
35,2,14,914.9439,401.87585
35,2,15,961.2602,473.32672
35,2,16,889.9791,469.01294
36,1,0,538.4543,423.5413
36,1,1,525.85834,409.2492
36,1,2,540.7316,409.42804
36,1,3,454.84296,401.8189
36,1,4,512.23444,407.6172
36,1,5,384.93256,464.0781
36,1,6,499.03766,483.34857
36,1,7,437.77368,566.95685
36,1,8,552.75885,591.04926
36,1,9,575.9894,568.4823
36,1,10,617.9433,577.69904
36,1,11,411.19516,641.9462
36,1,12,487.03217,666.70306
36,1,13,638.14014,583.71625
36,1,14,691.34906,605.8414
36,1,15,671.2935,692.92444
36,1,16,686.08875,711.80054
36,2,0,998.922,196.84909
36,2,1,1009.0928,190.04701
36,2,2,992.99884,188.78459
36,2,3,1030.8665,194.50356
36,2,4,989.00995,192.7969
36,2,5,1042.8442,236.89314
36,2,6,967.0118,227.38889
36,2,7,1042.8324,279.37677
36,2,8,912.9011,265.05573
36,2,9,1013.81525,232.68213
36,2,10,944.8419,235.90967
36,2,11,991.4175,353.4143
36,2,12,940.1749,346.29266
36,2,13,972.2127,413.141
36,2,14,915.78955,403.14764
36,2,15,958.3419,474.3898
36,2,16,890.5299,469.62888
37,1,0,535.0153,422.52036
37,1,1,523.2279,408.72006
37,1,2,536.5003,408.9146
37,1,3,454.02255,402.79623
37,1,4,507.8739,408.71234
37,1,5,383.0955,464.6968
37,1,6,497.91174,482.6996
37,1,7,431.34995,566.5907
37,1,8,548.81226,587.22424
37,1,9,562.0465,570.2128
37,1,10,607.3184,575.95386
37,1,11,410.64883,639.9645
37,1,12,487.01083,664.0054
37,1,13,637.16565,583.25696
37,1,14,692.6135,604.28534
37,1,15,673.95197,690.0087
37,1,16,689.0796,708.68036
37,2,0,1001.42505,196.77237
37,2,1,1011.52814,190.11815
37,2,2,995.2033,188.42688
37,2,3,1031.1593,194.98112
37,2,4,989.17096,192.40085
37,2,5,1040.9102,236.9058
37,2,6,965.40076,227.2786
37,2,7,1040.0319,278.33957
37,2,8,913.16016,265.45868
37,2,9,1011.1996,232.53343
37,2,10,943.24634,237.47046
37,2,11,989.4047,350.83368
37,2,12,938.4528,343.97275
37,2,13,971.5216,414.06448
37,2,14,915.41254,404.44992
37,2,15,957.25104,477.34738
37,2,16,891.29926,472.26706
38,1,0,528.6194,424.6273
38,1,1,515.6511,410.92572
38,1,2,531.4484,410.76993
38,1,3,445.00803,404.90527
38,1,4,506.4813,409.5362
38,1,5,377.7202,466.60303
38,1,6,497.6878,479.96588
38,1,7,429.01233,568.995
38,1,8,549.74884,580.5679
38,1,9,556.6974,574.6554
38,1,10,602.50903,575.30304
38,1,11,409.85468,644.90857
38,1,12,489.63028,666.62555
38,1,13,631.1936,581.3746
38,1,14,687.81256,598.9944
38,1,15,673.1881,689.95667
38,1,16,691.3238,706.31177
38,2,0,1002.6989,197.3894
38,2,1,1012.3246,190.77643
38,2,2,996.31537,189.09384
38,2,3,1030.5913,195.19244
38,2,4,988.8344,192.57217
38,2,5,1038.643,236.70723
38,2,6,964.0879,227.5849
38,2,7,1036.6189,278.15082
38,2,8,913.2449,266.4052
38,2,9,1010.5456,233.2023
38,2,10,944.31256,236.72908
38,2,11,988.36847,353.902
38,2,12,937.7027,347.5273
38,2,13,970.48114,419.12442
38,2,14,914.7219,410.47992
38,2,15,956.10583,478.54663
38,2,16,890.73663,474.43936
39,1,0,523.8083,425.79837
39,1,1,510.60608,411.97147
39,1,2,526.5835,411.8988
39,1,3,440.44208,405.1478
39,1,4,502.2654,409.5209
39,1,5,373.67648,464.71365
39,1,6,496.57422,477.15622
39,1,7,428.85892,563.69336
39,1,8,551.40454,574.3526
39,1,9,563.24774,571.0894
39,1,10,608.02673,573.8885
39,1,11,408.40698,640.0402
39,1,12,489.9042,661.81036
39,1,13,633.2178,578.42096
39,1,14,691.7342,596.07385
39,1,15,673.34845,690.4021
39,1,16,690.67035,707.76965
39,2,0,1002.29156,197.31989
39,2,1,1012.12897,190.49332
39,2,2,995.6854,189.16167
39,2,3,1031.5361,195.01752
39,2,4,988.6642,193.26323
39,2,5,1041.2644,237.2852
39,2,6,965.1625,228.67479
39,2,7,1038.9414,278.65088
39,2,8,913.76294,266.85147
39,2,9,1012.4725,232.89462
39,2,10,943.8395,238.16493
39,2,11,990.54834,354.03223
39,2,12,938.94183,347.72897
39,2,13,972.215,413.95282
39,2,14,915.3647,405.58603
39,2,15,956.697,474.40134
39,2,16,890.91907,471.53946
40,1,0,517.4164,425.89948
40,1,1,504.40683,412.0934
40,1,2,520.69995,412.0011
40,1,3,436.82703,405.07816
40,1,4,499.9176,408.85504
40,1,5,371.75885,463.32047
40,1,6,496.33963,474.76926
40,1,7,426.7427,561.62714
40,1,8,552.91187,571.1232
40,1,9,558.04626,569.6449
40,1,10,604.39844,571.1789
40,1,11,406.59045,638.7904
40,1,12,489.16605,659.90674
40,1,13,632.80255,575.5201
40,1,14,692.1676,592.4935
40,1,15,669.7111,690.5046
40,1,16,689.0882,706.9825
40,2,0,1000.4895,196.82808
40,2,1,1010.2136,190.4218
40,2,2,994.39197,188.71608
40,2,3,1029.2689,195.7044
40,2,4,987.6787,193.02559
40,2,5,1037.6171,237.41904
40,2,6,964.2164,228.18059
40,2,7,1035.9386,278.8106
40,2,8,914.6606,266.71838
40,2,9,1011.0805,233.34563
40,2,10,944.2215,236.93332
40,2,11,988.9389,351.4346
40,2,12,938.76086,344.99954
40,2,13,972.8174,412.97104
40,2,14,915.56537,404.06808
40,2,15,960.4374,475.59143
40,2,16,891.7235,470.9569
41,1,0,517.4014,424.12692
41,1,1,504.65884,410.68317
41,1,2,519.59424,410.55075
41,1,3,437.0361,405.22485
41,1,4,497.14084,409.13574
41,1,5,370.88358,463.50122
41,1,6,498.26962,473.1991
41,1,7,425.49228,560.09766
41,1,8,554.2089,565.72644
41,1,9,556.6499,569.6613
41,1,10,604.8181,570.3658
41,1,11,406.4138,634.7714
41,1,12,491.04968,654.87317
41,1,13,628.3197,573.4043
41,1,14,692.9386,588.9186
41,1,15,664.7506,689.8813
41,1,16,685.77454,706.5296
41,2,0,1000.69073,196.87935
41,2,1,1010.6933,190.22389
41,2,2,994.4546,188.5943
41,2,3,1030.2972,195.38359
41,2,4,988.4022,192.86552
41,2,5,1039.0692,238.26999
41,2,6,964.90967,228.51234
41,2,7,1036.2015,280.00626
41,2,8,913.64844,266.73798
41,2,9,1011.3345,233.0208
41,2,10,944.9038,236.56996
41,2,11,988.9126,354.77786
41,2,12,938.5056,348.13992
41,2,13,971.2404,420.17834
41,2,14,915.2901,411.28534
41,2,15,958.3553,480.60034
41,2,16,891.7409,476.93756
42,1,0,1001.18964,197.61163
42,1,1,1010.9357,191.07185
42,1,2,995.0257,189.43324
42,1,3,1030.3782,195.80563
42,1,4,988.53754,193.23836
42,1,5,1038.6581,238.0839
42,1,6,965.0833,228.0213
42,1,7,1034.5717,280.20215
42,1,8,914.7617,266.0231
42,1,9,1012.16766,232.98462
42,1,10,945.9548,235.66158
42,1,11,989.4173,352.787
42,1,12,938.9118,346.15042
42,1,13,972.9685,414.04205
42,1,14,914.465,405.32996
42,1,15,960.4093,475.53912
42,1,16,890.21295,472.4249
42,2,0,507.49405,427.3891
42,2,1,494.66364,414.253
42,2,2,510.32614,413.79788
42,2,3,429.42963,409.41077
42,2,4,493.55896,412.05035
42,2,5,364.98053,464.95624
42,2,6,501.98328,471.36423
42,2,7,413.51794,562.733
42,2,8,554.69965,563.4558
42,2,9,540.8484,567.42535
42,2,10,603.0831,566.4792
42,2,11,412.68494,629.5854
42,2,12,503.70975,648.21173
42,2,13,621.77954,574.72577
42,2,14,694.18774,587.9146
42,2,15,659.6251,692.08746
42,2,16,685.07587,707.05994
43,1,0,1000.3307,197.63272
43,1,1,1010.7808,190.89124
43,1,2,994.14374,189.25725
43,1,3,1031.7196,195.898
43,1,4,988.8102,193.34654
43,1,5,1041.5535,238.7766
43,1,6,965.44104,228.97552
43,1,7,1040.4158,279.12802
43,1,8,913.37854,265.13422
43,1,9,1013.5273,233.4921
43,1,10,946.84454,234.7678
43,1,11,989.65155,356.6932
43,1,12,937.83527,349.80795
43,1,13,972.3384,420.3588
43,1,14,914.1366,411.04767
43,1,15,959.2416,480.56686
43,1,16,889.6574,475.96048
43,2,0,505.24432,427.3701
43,2,1,492.7675,414.44257
43,2,2,508.08142,413.95297
43,2,3,429.39285,409.59418
43,2,4,492.51593,411.92822
43,2,5,365.13187,463.91617
43,2,6,501.7805,468.25134
43,2,7,414.72638,560.6507
43,2,8,552.7975,557.98706
43,2,9,540.15607,566.5092
43,2,10,602.10925,565.5179
43,2,11,411.23813,626.1161
43,2,12,502.19482,643.4913
43,2,13,613.71564,576.62274
43,2,14,688.7156,587.9635
43,2,15,656.3048,692.32684
43,2,16,683.5973,706.45825
44,1,0,1001.302,197.86261
44,1,1,1011.05536,191.18231
44,1,2,995.05096,189.72072
44,1,3,1030.954,195.16982
44,1,4,988.4844,192.96913
44,1,5,1040.1191,236.72514
44,1,6,965.5222,227.02197
44,1,7,1037.3132,280.59338
44,1,8,915.72375,266.1823
44,1,9,1013.18524,233.14468
44,1,10,946.814,234.53055
44,1,11,990.1706,353.88232
44,1,12,939.10693,347.2188
44,1,13,973.06274,415.67682
44,1,14,915.704,406.87888
44,1,15,958.94055,475.53787
44,1,16,890.55225,472.29404
44,2,0,499.62152,428.3591
44,2,1,487.42288,415.5731
44,2,2,502.9889,414.7199
44,2,3,426.46832,410.57364
44,2,4,490.7514,411.62433
44,2,5,364.04987,464.088
44,2,6,503.31277,464.94543
44,2,7,409.61798,562.28265
44,2,8,551.67505,553.5636
44,2,9,529.01074,568.3634
44,2,10,597.35406,563.417
44,2,11,415.8904,620.76715
44,2,12,508.8664,636.28656
44,2,13,606.8395,574.29626
44,2,14,686.4808,583.024
44,2,15,652.71326,689.0166
44,2,16,686.423,700.9546
45,1,0,1002.7612,197.44287
45,1,1,1012.41846,191.0566
45,1,2,996.4189,189.32906
45,1,3,1030.9858,195.5259
45,1,4,988.2478,192.757
45,1,5,1039.8004,236.59503
45,1,6,964.35095,226.78369
45,1,7,1040.3063,280.49844
45,1,8,916.3725,266.28015
45,1,9,1013.2785,233.4717
45,1,10,945.7992,235.41756
45,1,11,990.04065,351.8183
45,1,12,938.4519,344.9844
45,1,13,973.05536,416.12057
45,1,14,915.2065,406.45456
45,1,15,960.29474,476.6293
45,1,16,891.49304,471.28885
45,2,0,493.49234,431.6613
45,2,1,482.31506,417.7715
45,2,2,497.01755,417.19177
45,2,3,424.06757,409.8231
45,2,4,488.52423,411.19846
45,2,5,359.76505,462.31186
45,2,6,507.4078,461.5137
45,2,7,401.0975,568.48285
45,2,8,559.7515,554.30786
45,2,9,513.6399,574.0442
45,2,10,604.479,560.17224
45,2,11,411.12497,621.4076
45,2,12,510.19485,635.0779
45,2,13,588.4021,575.82654
45,2,14,679.9674,582.302
45,2,15,639.55615,688.6536
45,2,16,686.8579,699.1925
46,1,0,484.15582,425.81497
46,1,1,473.2775,413.6547
46,1,2,487.8667,412.92413
46,1,3,416.4911,411.78143
46,1,4,482.13028,412.62793
46,1,5,362.05804,462.82343
46,1,6,505.2395,459.39203
46,1,7,407.4783,566.88885
46,1,8,578.7085,546.02966
46,1,9,496.88934,573.95746
46,1,10,607.49756,547.76105
46,1,11,408.69437,615.2807
46,1,12,505.92804,625.1302
46,1,13,569.26746,567.29004
46,1,14,669.7602,569.6658
46,1,15,615.9708,690.2487
46,1,16,693.7364,695.9751
46,2,0,1002.29614,198.48172
46,2,1,1012.09985,191.82414
46,2,2,995.9019,190.4146
46,2,3,1031.9692,195.64091
46,2,4,988.46875,193.58652
46,2,5,1041.8339,236.64575
46,2,6,965.24255,226.69969
46,2,7,1041.2882,281.91522
46,2,8,916.86725,266.3594
46,2,9,1015.568,233.45375
46,2,10,947.5365,234.97993
46,2,11,990.5318,352.38416
46,2,12,938.1552,345.42377
46,2,13,972.7793,415.16714
46,2,14,914.66895,405.77042
46,2,15,959.6654,475.56384
46,2,16,891.1555,471.95245
47,1,0,479.63196,426.71652
47,1,1,468.7475,414.46423
47,1,2,482.7425,413.7776
47,1,3,410.1125,412.99606
47,1,4,474.71463,413.52756
47,1,5,358.70242,463.57114
47,1,6,503.1379,457.01694
47,1,7,405.86447,570.63995
47,1,8,582.9128,540.003
47,1,9,476.43628,576.16614
47,1,10,583.9817,537.2207
47,1,11,408.25745,616.0524
47,1,12,507.31326,622.90894
47,1,13,554.6667,566.2251
47,1,14,665.3321,564.6141
47,1,15,605.466,690.31573
47,1,16,701.8993,692.2186
47,2,0,1005.3979,198.16736
47,2,1,1015.3254,191.47098
47,2,2,998.7131,189.82205
47,2,3,1033.8502,195.88132
47,2,4,990.626,193.44049
47,2,5,1042.8184,237.05193
47,2,6,966.12866,227.03912
47,2,7,1043.1581,280.26675
47,2,8,915.80664,265.63205
47,2,9,1016.9754,233.95001
47,2,10,946.2771,236.00027
47,2,11,990.3778,348.93198
47,2,12,938.6467,341.9981
47,2,13,972.49475,411.05603
47,2,14,915.24994,401.6333
47,2,15,958.1806,475.34402
47,2,16,891.5337,471.05154
48,1,0,470.70972,433.94913
48,1,1,460.82605,421.69138
48,1,2,474.86523,420.6688
48,1,3,408.32642,417.79306
48,1,4,472.92258,416.74847
48,1,5,359.36484,465.09943
48,1,6,505.12506,455.67816
48,1,7,408.4187,569.47
48,1,8,583.0366,533.5278
48,1,9,470.39407,571.4354
48,1,10,559.8592,528.8869
48,1,11,410.48596,612.3733
48,1,12,510.706,616.716
48,1,13,543.4319,574.0667
48,1,14,656.7827,568.6701
48,1,15,606.59314,692.674
48,1,16,706.9136,689.33124
48,2,0,1004.5368,198.3068
48,2,1,1014.4333,191.70718
48,2,2,998.16376,190.01222
48,2,3,1033.5948,196.09277
48,2,4,990.92914,193.49971
48,2,5,1043.1471,237.25745
48,2,6,966.8659,226.45996
48,2,7,1043.8196,281.53397
48,2,8,915.6186,265.22635
48,2,9,1016.7778,233.93553
48,2,10,946.9111,235.19629
48,2,11,990.5514,348.41425
48,2,12,939.09717,341.04437
48,2,13,972.38776,408.98712
48,2,14,915.6599,398.75958
48,2,15,958.0282,473.5481
48,2,16,891.1479,468.51282
49,1,0,1002.95337,198.72755
49,1,1,1012.9498,191.94122
49,1,2,996.82983,190.30225
49,1,3,1033.2886,195.7593
49,1,4,991.088,193.29851
49,1,5,1043.2303,237.23747
49,1,6,967.2732,227.0963
49,1,7,1041.3025,279.82895
49,1,8,915.1531,265.31537
49,1,9,1015.28174,231.87154
49,1,10,947.9621,234.12447
49,1,11,990.32367,351.4989
49,1,12,938.85767,344.49377
49,1,13,972.19464,413.2758
49,1,14,915.10474,404.0208
49,1,15,956.6411,476.27283
49,1,16,889.4094,472.29163
49,2,0,464.4894,438.97662
49,2,1,454.5711,426.07755
49,2,2,469.06818,425.18668
49,2,3,401.33228,420.48065
49,2,4,469.33365,419.98828
49,2,5,352.16653,465.87018
49,2,6,504.96918,456.1347
49,2,7,397.69705,568.7077
49,2,8,589.6524,532.4282
49,2,9,460.56067,574.702
49,2,10,583.1621,533.9006
49,2,11,408.9033,614.8348
49,2,12,512.78625,619.1554
49,2,13,538.5047,569.7066
49,2,14,652.6373,564.0607
49,2,15,610.40375,695.66754
49,2,16,710.3887,693.4607
50,1,0,1002.2672,199.665
50,1,1,1012.10956,192.607
50,1,2,996.0035,191.29532
50,1,3,1033.0596,195.46228
50,1,4,989.83167,193.6923
50,1,5,1044.4277,236.24306
50,1,6,966.9491,226.62512
50,1,7,1044.5126,280.7462
50,1,8,915.7974,266.07663
50,1,9,1017.3766,232.25977
50,1,10,947.52045,234.33067
50,1,11,991.8415,351.65408
50,1,12,939.35815,344.6803
50,1,13,972.4991,415.58777
50,1,14,916.18146,406.31827
50,1,15,957.108,477.34128
50,1,16,891.1353,473.79016
50,2,0,444.84863,443.48804
50,2,1,436.4102,431.37265
50,2,2,450.6227,429.89395
50,2,3,389.2162,425.629
50,2,4,458.16754,423.84424
50,2,5,344.66733,468.54645
50,2,6,499.2182,455.2965
50,2,7,388.01443,563.68225
50,2,8,586.7032,518.6674
50,2,9,444.7421,547.86487
50,2,10,556.08655,500.3966
50,2,11,404.3873,610.1077
50,2,12,511.14734,610.91583
50,2,13,501.78873,580.6766
50,2,14,635.9774,569.9146
50,2,15,588.6171,695.7656
50,2,16,725.5042,688.1028
51,1,0,414.5205,447.77567
51,1,1,408.5812,435.50928
51,1,2,418.81375,434.04828
51,1,3,373.90247,432.88388
51,1,4,432.4309,428.36127
51,1,5,340.9077,478.1797
51,1,6,481.13358,458.57718
51,1,7,382.07727,558.49133
51,1,8,577.2038,515.8189
51,1,9,430.70032,539.4855
51,1,10,567.76984,533.2671
51,1,11,415.95093,601.20667
51,1,12,507.9465,601.2939
51,1,13,532.68164,584.1698
51,1,14,620.9931,568.9315
51,1,15,652.84467,685.58167
51,1,16,721.61066,677.5116
51,2,0,1003.4278,199.18898
51,2,1,1013.4845,192.18198
51,2,2,997.05286,190.76372
51,2,3,1034.19,195.4401
51,2,4,990.90796,193.44353
51,2,5,1044.1294,236.21413
51,2,6,967.68805,226.17734
51,2,7,1041.4452,280.54636
51,2,8,915.6003,265.66022
51,2,9,1016.8514,232.00328
51,2,10,947.2372,234.91193
51,2,11,991.6744,349.45364
51,2,12,939.87616,342.46188
51,2,13,972.8073,411.86237
51,2,14,915.4736,402.73718
51,2,15,957.58,475.4399
51,2,16,889.99255,472.49963
52,1,0,406.82733,450.2921
52,1,1,401.5741,440.49945
52,1,2,411.80307,436.18408
52,1,3,373.12445,439.29318
52,1,4,429.67673,429.71735
52,1,5,340.39874,485.38245
52,1,6,485.98492,457.62805
52,1,7,354.98566,564.60236
52,1,8,571.6276,514.16095
52,1,9,392.6611,541.7196
52,1,10,570.7036,530.06195
52,1,11,426.4306,607.2806
52,1,12,527.4989,602.3633
52,1,13,485.82404,581.5084
52,1,14,631.2192,562.47906
52,1,15,564.0523,678.1045
52,1,16,724.3835,667.2556
52,2,0,1003.22656,200.62965
52,2,1,1012.83057,193.33719
52,2,2,996.63135,192.33315
52,2,3,1033.8849,194.71678
52,2,4,989.33734,193.64574
52,2,5,1045.6105,233.84639
52,2,6,967.3209,224.69481
52,2,7,1046.0682,281.91647
52,2,8,918.5263,267.09705
52,2,9,1018.49713,230.21893
52,2,10,950.0164,233.32976
52,2,11,993.2493,350.45938
52,2,12,939.66785,343.6364
52,2,13,974.60333,411.59402
52,2,14,916.0647,402.47324
52,2,15,959.84955,473.8797
52,2,16,890.0573,471.2439
53,1,0,392.49603,461.3327
53,1,1,388.06076,453.3386
53,1,2,399.28387,448.20667
53,1,3,368.84512,451.19894
53,1,4,421.89014,438.23846
53,1,5,343.15005,491.3419
53,1,6,473.17188,456.20792
53,1,7,368.96393,567.8483
53,1,8,551.75287,501.0726
53,1,9,410.13583,556.87836
53,1,10,561.452,512.0263
53,1,11,432.7485,591.4267
53,1,12,521.482,584.0013
53,1,13,499.54364,586.43475
53,1,14,621.7316,564.77997
53,1,15,592.0357,662.3692
53,1,16,717.131,646.2777
53,2,0,1002.8023,200.60121
53,2,1,1012.4835,193.28314
53,2,2,996.3609,192.23366
53,2,3,1033.9026,194.75768
53,2,4,990.10187,193.6196
53,2,5,1045.7954,234.18282
53,2,6,968.0433,224.9623
53,2,7,1044.8284,281.26678
53,2,8,917.6233,266.7171
53,2,9,1019.34894,231.07317
53,2,10,948.7664,233.80429
53,2,11,992.9065,349.8836
53,2,12,940.05066,343.11505
53,2,13,974.17377,409.6579
53,2,14,916.75793,401.04
53,2,15,957.30835,472.86313
53,2,16,889.9418,470.8894
54,1,0,1003.68164,200.37503
54,1,1,1013.76746,193.0134
54,1,2,997.23987,191.71461
54,1,3,1035.3181,195.02191
54,1,4,991.70355,193.31532
54,1,5,1046.3346,235.99315
54,1,6,969.5654,225.14398
54,1,7,1044.7062,283.13037
54,1,8,916.64233,265.8206
54,1,9,1018.1509,232.39459
54,1,10,947.9268,234.32326
54,1,11,992.1367,351.25125
54,1,12,940.36096,343.5995
54,1,13,970.8633,415.86877
54,1,14,915.5683,405.80008
54,1,15,955.9255,476.79584
54,1,16,890.42163,473.75824
54,2,0,368.66827,485.11826
54,2,1,364.05936,479.5432
54,2,2,382.09262,474.18683
54,2,3,359.4693,474.9682
54,2,4,418.68018,461.8331
54,2,5,343.93317,506.9108
54,2,6,463.85196,486.67743
54,2,7,375.25885,589.9366
54,2,8,572.3059,568.4353
54,2,9,419.45056,609.2159
54,2,10,670.39746,630.00836
54,2,11,475.2451,575.9912
54,2,12,546.3787,577.6675
54,2,13,564.04913,628.32874
54,2,14,632.7304,613.1029
54,2,15,699.7526,682.4366
54,2,16,749.2072,656.18225
55,1,0,1004.93506,200.75601
55,1,1,1014.56616,193.26962
55,1,2,998.29083,192.31326
55,1,3,1035.8115,194.27502
55,1,4,991.53864,193.34389
55,1,5,1048.3884,234.3038
55,1,6,969.2534,224.6445
55,1,7,1049.725,282.322
55,1,8,917.90094,266.16293
55,1,9,1018.7779,232.66986
55,1,10,950.2593,235.41011
55,1,11,994.7269,351.7043
55,1,12,941.0757,344.36197
55,1,13,973.77893,415.5538
55,1,14,916.7377,405.47293
55,1,15,958.7062,474.965
55,1,16,891.402,471.59317
55,2,0,344.43503,495.73743
55,2,1,343.36038,491.77988
55,2,2,355.87494,483.3237
55,2,3,343.8615,492.45273
55,2,4,387.6584,469.8426
55,2,5,340.3332,523.61145
55,2,6,426.1644,480.32294
55,2,7,352.9437,594.87646
55,2,8,483.69684,516.848
55,2,9,358.61578,609.68097
55,2,10,508.1839,540.4327
55,2,11,498.76077,576.6214
55,2,12,547.1516,569.87445
55,2,13,585.4561,623.9879
55,2,14,614.33044,598.3937
55,2,15,731.6511,669.4878
55,2,16,733.83875,632.08484
56,1,0,1005.0269,199.95947
56,1,1,1014.4624,192.82524
56,1,2,998.66174,191.62509
56,1,3,1034.9797,194.63892
56,1,4,991.62067,193.05827
56,1,5,1046.2904,234.95786
56,1,6,968.9975,224.18181
56,1,7,1046.6892,283.37378
56,1,8,918.50183,266.1344
56,1,9,1019.1288,231.05858
56,1,10,950.8453,235.68994
56,1,11,994.1731,350.2578
56,1,12,941.4702,342.75803
56,1,13,974.88605,410.66312
56,1,14,917.23145,400.18375
56,1,15,961.2308,471.0302
56,1,16,891.9526,467.50635
57,1,0,1005.49176,200.00842
57,1,1,1014.923,192.78963
57,1,2,998.97375,191.71326
57,1,3,1035.34,194.61172
57,1,4,991.73755,193.33904
57,1,5,1046.3632,234.93547
57,1,6,969.19006,224.48676
57,1,7,1046.3453,283.13086
57,1,8,917.8713,266.22006
57,1,9,1019.1036,232.14828
57,1,10,949.96185,236.09726
57,1,11,993.899,350.14886
57,1,12,941.42145,342.8509
57,1,13,974.576,410.6015
57,1,14,917.92163,400.61462
57,1,15,960.31384,470.49765
57,1,16,892.19073,467.69193
58,1,0,1005.4561,199.20796
58,1,1,1015.29663,191.88335
58,1,2,998.8183,190.7951
58,1,3,1036.0576,194.51974
58,1,4,992.86017,193.33894
58,1,5,1047.9973,236.7735
58,1,6,970.8767,225.56543
58,1,7,1047.0485,284.9991
58,1,8,916.41833,266.2393
58,1,9,1018.41754,232.92134
58,1,10,948.921,235.60075
58,1,11,994.4807,349.2847
58,1,12,942.89355,341.428
58,1,13,970.6126,411.55365
58,1,14,916.58936,400.98334
58,1,15,956.2155,473.0012
58,1,16,892.3676,470.20728
59,1,0,1006.6921,199.1222
59,1,1,1016.3804,191.89958
59,1,2,1000.0533,190.71999
59,1,3,1036.3873,194.75092
59,1,4,993.4179,193.3933
59,1,5,1047.9464,237.03629
59,1,6,970.80023,226.1168
59,1,7,1047.9558,283.8296
59,1,8,917.22614,265.77774
59,1,9,1018.8751,233.9914
59,1,10,948.04486,236.88426
59,1,11,994.48334,349.20227
59,1,12,942.62854,341.5903
59,1,13,974.7368,407.85254
59,1,14,918.028,397.4573
59,1,15,959.62573,471.1242
59,1,16,892.10345,467.798
60,1,0,1007.3242,199.2094
60,1,1,1016.3748,191.96747
60,1,2,1000.5709,190.91644
60,1,3,1035.2284,193.66042
60,1,4,992.2649,192.55894
60,1,5,1046.9027,234.20393
60,1,6,969.30756,224.217
60,1,7,1048.7051,283.61273
60,1,8,919.4076,267.31104
60,1,9,1019.7612,232.4451
60,1,10,949.626,236.6451
60,1,11,994.3307,349.00757
60,1,12,941.98694,341.81354
60,1,13,974.25244,410.6067
60,1,14,918.7673,400.70358
60,1,15,957.7486,472.86816
60,1,16,892.699,469.81516
61,1,0,1005.7219,199.32541
61,1,1,1015.3725,191.9973
61,1,2,999.13275,190.72678
61,1,3,1035.3346,194.07968
61,1,4,993.07623,192.44759
61,1,5,1044.3505,235.26398
61,1,6,970.4981,224.26093
61,1,7,1039.6473,283.29425
61,1,8,917.99225,265.36017
61,1,9,1017.0931,233.2259
61,1,10,949.9858,233.37906
61,1,11,992.5248,347.5678
61,1,12,942.30774,340.6653
61,1,13,978.6821,403.92245
61,1,14,920.3018,395.18616
61,1,15,964.6742,469.22076
61,1,16,893.2172,467.99295
61,2,0,677.9867,147.93752
61,2,1,681.6704,143.02199
61,2,2,676.7668,143.2065
61,2,3,694.764,143.9954
61,2,4,678.045,144.15233
61,2,5,709.3011,169.27882
61,2,6,677.9946,168.31645
61,2,7,714.7975,205.1106
61,2,8,675.3201,202.72414
61,2,9,705.1527,223.5497
61,2,10,678.8476,217.81516
61,2,11,713.7497,242.76776
61,2,12,693.07605,242.58344
61,2,13,717.6566,297.92282
61,2,14,700.3608,297.99152
61,2,15,727.5981,348.8747
61,2,16,712.70374,346.96844
62,1,0,1006.8782,199.62144
62,1,1,1016.5257,192.22911
62,1,2,1000.17773,191.0468
62,1,3,1036.5028,194.3092
62,1,4,993.9829,192.9025
62,1,5,1045.0853,236.1457
62,1,6,971.5421,225.2899
62,1,7,1039.6094,282.75793
62,1,8,917.9571,264.57312
62,1,9,1017.9183,233.7541
62,1,10,950.1599,232.73776
62,1,11,992.9898,350.25592
62,1,12,942.84454,343.2563
62,1,13,976.18195,408.5052
62,1,14,918.1248,399.85797
62,1,15,962.9677,470.851
62,1,16,891.6751,470.13315
62,2,0,677.92487,149.90567
62,2,1,681.58826,145.1908
62,2,2,677.12805,145.39641
62,2,3,694.96704,145.84749
62,2,4,679.5403,146.09775
62,2,5,708.4906,168.50122
62,2,6,680.75397,167.72969
62,2,7,710.1752,200.19867
62,2,8,677.7005,198.258
62,2,9,697.5011,207.80344
62,2,10,679.42163,203.71397
62,2,11,713.09894,238.83446
62,2,12,694.388,238.59909
62,2,13,715.81055,293.69394
62,2,14,701.2944,293.7168
62,2,15,726.90497,346.07172
62,2,16,714.4291,344.06476
63,1,0,1006.423,200.02612
63,1,1,1015.8174,192.45586
63,1,2,999.61365,191.60254
63,1,3,1036.0481,193.826
63,1,4,993.2505,193.15686
63,1,5,1045.5138,235.67644
63,1,6,971.0917,225.60008
63,1,7,1040.6411,283.25897
63,1,8,918.216,266.0888
63,1,9,1017.5232,233.24101
63,1,10,951.1901,233.95578
63,1,11,993.3302,353.04742
63,1,12,942.41486,346.2788
63,1,13,976.04895,411.8435
63,1,14,917.7996,403.48273
63,1,15,963.17163,470.9017
63,1,16,891.6805,470.95352
63,2,0,680.42804,151.18938
63,2,1,684.02405,146.4977
63,2,2,679.1878,146.79471
63,2,3,697.0964,147.3551
63,2,4,679.59436,147.71313
63,2,5,711.45764,170.75893
63,2,6,678.61115,170.22516
63,2,7,715.6019,202.26448
63,2,8,676.2161,200.59294
63,2,9,704.4122,206.08617
63,2,10,682.4168,201.96059
63,2,11,715.2622,243.25081
63,2,12,692.7947,243.19545
63,2,13,720.6843,298.23993
63,2,14,697.83777,298.36804
63,2,15,731.7396,348.76086
63,2,16,708.6384,347.15747
64,1,0,1007.11304,199.99818
64,1,1,1016.3464,192.39192
64,1,2,1000.2139,191.62108
64,1,3,1036.161,193.59465
64,1,4,993.4585,193.1515
64,1,5,1045.8483,235.2928
64,1,6,971.15063,225.03944
64,1,7,1041.7539,284.13495
64,1,8,918.5768,266.25586
64,1,9,1017.9059,232.89462
64,1,10,951.788,233.84573
64,1,11,993.6165,352.18262
64,1,12,942.45135,345.33304
64,1,13,976.2793,409.3182
64,1,14,916.8918,400.74545
64,1,15,965.1896,469.66183
64,1,16,891.76166,469.8119
64,2,0,680.3827,151.97858
64,2,1,683.8504,147.34383
64,2,2,679.58136,147.62137
64,2,3,696.64276,148.182
64,2,4,681.5,148.59113
64,2,5,710.2318,171.50124
64,2,6,681.47986,171.0578
64,2,7,712.3854,203.36647
64,2,8,677.86725,201.9231
64,2,9,700.66327,209.16289
64,2,10,681.3858,205.87903
64,2,11,714.34955,243.07819
64,2,12,694.8886,242.98286
64,2,13,718.6122,297.57974
64,2,14,699.9529,297.66757
64,2,15,729.6064,347.7579
64,2,16,711.34204,346.08823
65,1,0,1006.9567,200.12659
65,1,1,1015.972,192.4944
65,1,2,999.9337,191.80022
65,1,3,1035.5348,193.06981
65,1,4,992.0134,192.77214
65,1,5,1045.849,233.8149
65,1,6,970.0242,223.85834
65,1,7,1043.5363,285.05188
65,1,8,920.8318,267.57803
65,1,9,1019.4661,231.61545
65,1,10,952.326,235.08305
65,1,11,994.2316,351.62344
65,1,12,942.1488,344.88245
65,1,13,976.9469,409.14584
65,1,14,917.846,400.4954
65,1,15,965.5689,469.75247
65,1,16,893.60535,469.936
65,2,0,678.76495,149.45549
65,2,1,682.5808,144.67296
65,2,2,677.4116,145.0076
65,2,3,696.1939,145.50468
65,2,4,677.9849,146.02287
65,2,5,710.5665,168.8883
65,2,6,678.00555,168.65251
65,2,7,714.1855,200.69186
65,2,8,675.83203,199.66914
65,2,9,701.816,207.50742
65,2,10,680.3463,204.6743
65,2,11,714.42334,240.43054
65,2,12,692.2135,240.42813
65,2,13,718.7172,294.96606
65,2,14,698.16205,295.13092
65,2,15,729.50085,346.24493
65,2,16,709.9344,344.69522
66,1,0,1007.1845,200.23662
66,1,1,1016.15894,192.60684
66,1,2,1000.3797,191.80519
66,1,3,1035.915,192.9441
66,1,4,993.02264,192.42555
66,1,5,1046.3696,233.79344
66,1,6,970.7647,223.55838
66,1,7,1044.2595,285.70456
66,1,8,921.0945,267.617
66,1,9,1020.67474,232.65921
66,1,10,952.54974,233.97343
66,1,11,994.03613,352.51807
66,1,12,942.1489,345.6139
66,1,13,976.56757,411.9358
66,1,14,917.87494,403.21268
66,1,15,965.17035,471.99548
66,1,16,893.4493,471.86682
66,2,0,678.63416,147.569
66,2,1,682.73645,142.56995
66,2,2,676.62054,142.92523
66,2,3,696.63605,143.4783
66,2,4,675.5669,144.03432
66,2,5,711.7526,167.88008
66,2,6,675.3705,167.8742
66,2,7,719.8496,202.18808
66,2,8,674.63495,201.7058
66,2,9,710.61896,220.75159
66,2,10,678.718,217.78452
66,2,11,715.3677,239.72708
66,2,12,690.7739,239.86801
66,2,13,719.4468,294.15964
66,2,14,697.109,294.45584
66,2,15,730.19275,345.91635
66,2,16,709.28125,344.59637
67,1,0,1007.7418,199.63924
67,1,1,1016.655,192.156
67,1,2,1001.07855,191.06865
67,1,3,1035.3394,193.26654
67,1,4,993.66327,192.07054
67,1,5,1044.182,234.54099
67,1,6,970.71497,223.55075
67,1,7,1042.4846,285.21695
67,1,8,919.7455,266.65945
67,1,9,1019.70605,233.397
67,1,10,951.02185,232.96338
67,1,11,991.8909,352.4376
67,1,12,941.6408,345.28418
67,1,13,974.4508,414.0404
67,1,14,917.36804,404.86523
67,1,15,963.99713,473.87985
67,1,16,892.7843,472.69193
67,2,0,678.2285,146.06306
67,2,1,682.23334,141.00864
67,2,2,676.22815,141.35672
67,2,3,696.08514,141.85225
67,2,4,675.59424,142.36989
67,2,5,711.0839,166.21062
67,2,6,675.7763,165.91164
67,2,7,718.9761,201.03024
67,2,8,675.1272,199.90201
67,2,9,710.6239,220.71608
67,2,10,679.3455,216.32527
67,2,11,715.04865,238.12163
67,2,12,691.3856,238.18268
67,2,13,717.9078,293.29706
67,2,14,699.0968,293.55344
67,2,15,727.41895,346.25034
67,2,16,711.49335,344.77347
68,1,0,1008.03516,199.14394
68,1,1,1017.05817,191.78659
68,1,2,1001.4677,190.53587
68,1,3,1035.5424,193.48973
68,1,4,994.4297,191.9227
68,1,5,1043.7673,235.35661
68,1,6,971.11865,224.04977
68,1,7,1040.2014,285.6414
68,1,8,919.67395,266.89447
68,1,9,1018.89294,233.04335
68,1,10,950.873,232.50839
68,1,11,991.7463,352.56866
68,1,12,942.0969,345.37564
68,1,13,974.0954,414.18683
68,1,14,917.2537,405.10495
68,1,15,963.1658,474.49313
68,1,16,892.84595,473.4463
68,2,0,679.44556,147.5126
68,2,1,683.5052,142.2457
68,2,2,676.80664,142.73305
68,2,3,697.2324,143.12527
68,2,4,674.697,144.00108
68,2,5,712.7616,168.79434
68,2,6,674.3331,169.03009
68,2,7,722.6501,205.45642
68,2,8,674.2494,205.07655
68,2,9,715.8365,231.03062
68,2,10,680.0321,226.58633
68,2,11,716.88544,241.91956
68,2,12,691.1395,242.2757
68,2,13,720.9276,296.8575
68,2,14,697.98065,297.36945
68,2,15,729.56775,347.5204
68,2,16,709.0894,346.4965
69,1,0,1007.3083,199.87088
69,1,1,1016.32806,192.56876
69,1,2,1000.6412,191.28297
69,1,3,1034.2979,194.2221
69,1,4,990.84155,192.22638
69,1,5,1043.918,234.55672
69,1,6,966.0395,223.19958
69,1,7,1045.6765,288.66986
69,1,8,921.8333,269.2734
69,1,9,1021.9876,229.69302
69,1,10,950.7958,232.08243
69,1,11,992.291,355.79614
69,1,12,938.47675,348.6913
69,1,13,979.5463,414.58014
69,1,14,919.04156,404.72458
69,1,15,969.51306,477.79648
69,1,16,898.05444,475.67322
69,2,0,680.0166,148.224
69,2,1,684.1213,142.73444
69,2,2,676.9389,143.3943
69,2,3,697.8179,143.18945
69,2,4,673.96387,144.53209
69,2,5,713.6852,168.92303
69,2,6,673.2076,169.84595
69,2,7,724.07654,206.40984
69,2,8,672.8059,207.00224
69,2,9,717.43256,233.20634
69,2,10,679.5925,229.36157
69,2,11,717.94476,244.33788
69,2,12,690.9005,244.98773
69,2,13,721.78955,300.3425
69,2,14,697.46405,301.0824
69,2,15,729.26025,348.8202
69,2,16,708.1937,348.21484
70,1,0,1007.86163,199.97472
70,1,1,1017.4528,192.56065
70,1,2,1001.36176,191.1908
70,1,3,1037.3684,194.54149
70,1,4,994.93567,192.68727
70,1,5,1046.136,236.79703
70,1,6,971.873,224.6504
70,1,7,1042.4542,287.18082
70,1,8,918.774,267.0322
70,1,9,1019.4772,234.63718
70,1,10,950.4195,234.77623
70,1,11,992.8547,353.7193
70,1,12,942.2828,345.95572
70,1,13,973.6698,413.1708
70,1,14,916.519,403.08984
70,1,15,963.07513,474.37585
70,1,16,892.7316,472.44366
70,2,0,680.78326,149.10933
70,2,1,684.925,143.66313
70,2,2,677.6385,144.27615
70,2,3,698.39703,144.42404
70,2,4,674.437,145.67686
70,2,5,713.63153,170.53073
70,2,6,674.04016,171.30241
70,2,7,721.6771,207.90991
70,2,8,673.2856,208.04651
70,2,9,712.4221,232.38799
70,2,10,679.66296,228.1884
70,2,11,718.15906,246.23096
70,2,12,691.547,246.79117
70,2,13,722.2398,301.6742
70,2,14,697.9173,302.36948
70,2,15,730.06354,350.1798
70,2,16,708.81793,349.42685
71,1,0,1008.965,199.95
71,1,1,1018.20276,192.60052
71,1,2,1002.31104,191.36713
71,1,3,1037.4182,194.36957
71,1,4,995.024,192.80855
71,1,5,1046.3928,236.79399
71,1,6,971.6421,224.88853
71,1,7,1042.3168,288.16217
71,1,8,920.09357,267.94385
71,1,9,1020.80566,233.95357
71,1,10,952.5871,233.97922
71,1,11,993.48663,354.7535
71,1,12,942.4998,347.22107
71,1,13,973.8271,414.1147
71,1,14,916.9434,404.63
71,1,15,961.4149,473.45206
71,1,16,892.8347,472.67825
71,2,0,681.58673,151.02487
71,2,1,685.79407,145.63927
71,2,2,678.26245,146.20863
71,2,3,698.8165,146.44397
71,2,4,674.40875,147.58153
71,2,5,713.7062,172.32423
71,2,6,672.9936,173.07779
71,2,7,723.3421,208.83072
71,2,8,671.53375,209.1654
71,2,9,715.8231,232.78743
71,2,10,678.0792,228.8738
71,2,11,717.6138,247.08858
71,2,12,690.6568,247.71794
71,2,13,720.624,302.36496
71,2,14,698.01697,303.08408
71,2,15,727.6322,350.37994
71,2,16,709.62067,349.75452
72,1,0,1009.1787,199.46555
72,1,1,1019.1012,192.16728
72,1,2,1002.4319,190.78574
72,1,3,1039.1731,195.17958
72,1,4,995.7444,193.31525
72,1,5,1048.1785,238.71924
72,1,6,973.0604,226.37798
72,1,7,1044.8955,287.54752
72,1,8,918.4809,266.54187
72,1,9,1020.90155,235.04298
72,1,10,951.40796,233.6866
72,1,11,994.1313,354.73825
72,1,12,943.3181,346.67725
72,1,13,972.21173,413.47626
72,1,14,916.36707,402.95755
72,1,15,959.3979,473.5937
72,1,16,891.3581,471.20554
72,2,0,680.8809,150.7907
72,2,1,685.03375,145.56194
72,2,2,678.08246,146.05722
72,2,3,698.35095,146.09502
72,2,4,674.9453,147.0586
72,2,5,714.2166,170.66618
72,2,6,672.5682,171.33316
72,2,7,724.4756,206.04247
72,2,8,670.4454,206.53163
72,2,9,715.83826,230.97125
72,2,10,676.38074,227.94081
72,2,11,716.09204,242.86661
72,2,12,688.5693,243.31181
72,2,13,718.18146,297.1899
72,2,14,695.6133,297.74084
72,2,15,725.65076,347.28107
72,2,16,708.32434,346.5052
